cell,lane,lane_group,hto_top_label,hto_top_count,hto_second_count,hto_class,hto_sample,stimulation,sampling_stratum_target
l1_AAACGGGAGAACAACT,l1,lanes_1-4,rep1-tx,83,13,singlet,rep1-tx,IFNg,IRF7
l1_AAACGGGAGCGCTTAT,l1,lanes_1-4,rep1-tx,104,8,singlet,rep1-tx,IFNg,ATF2
l1_AAACGGGGTAAGGGAA,l1,lanes_1-4,rep1-tx,45,14,singlet,rep1-tx,IFNg,STAT3
l1_AAATGCCTCAGCTTAG,l1,lanes_1-4,rep1-tx,45,6,singlet,rep1-tx,IFNg,UBE2L6
l1_AAGCCGCGTCTCCCTA,l1,lanes_1-4,rep1-tx,35,10,singlet,rep1-tx,IFNg,IFNGR2
l1_AAGGAGCCATTAGGCT,l1,lanes_1-4,rep1-tx,82,9,singlet,rep1-tx,IFNg,NT
l1_AAGGAGCTCTCCCTGA,l1,lanes_1-4,rep1-tx,24,5,singlet,rep1-tx,IFNg,NT
l1_AATCGGTAGGCCCTTG,l1,lanes_1-4,rep1-tx,22,7,singlet,rep1-tx,IFNg,IFNGR1
l1_ACAGCTACAAGCTGTT,l1,lanes_1-4,rep1-tx,53,13,singlet,rep1-tx,IFNg,STAT1
l1_ACAGCTAGTTCCCTTG,l1,lanes_1-4,rep1-tx,56,13,singlet,rep1-tx,IFNg,STAT2
l1_ACGAGCCAGAGACTAT,l1,lanes_1-4,rep1-tx,109,12,singlet,rep1-tx,IFNg,ETV7
l1_ACGAGGAGTCGCATCG,l1,lanes_1-4,rep1-tx,46,11,singlet,rep1-tx,IFNg,JAK2
l1_ACGATACTCACGATGT,l1,lanes_1-4,rep1-tx,135,12,singlet,rep1-tx,IFNg,CD86
l1_ACGCAGCGTCTTGCGG,l1,lanes_1-4,rep1-tx,91,9,singlet,rep1-tx,IFNg,ATF2
l1_ACGGAGACATCGATGT,l1,lanes_1-4,rep1-tx,41,7,singlet,rep1-tx,IFNg,IRF1
l1_ACGGCCATCGGAAACG,l1,lanes_1-4,rep1-tx,141,12,singlet,rep1-tx,IFNg,CMTM6
l1_ACTGAACAGATGTAAC,l1,lanes_1-4,rep1-tx,63,14,singlet,rep1-tx,IFNg,ambiguous
l1_ACTTGTTCACCAGATT,l1,lanes_1-4,rep1-tx,46,11,singlet,rep1-tx,IFNg,CMTM6
l1_AGAGCGAAGTCGAGTG,l1,lanes_1-4,rep1-tx,56,13,singlet,rep1-tx,IFNg,STAT1
l1_AGAGCGAAGTGACTCT,l1,lanes_1-4,rep1-tx,65,11,singlet,rep1-tx,IFNg,IFNGR2
l1_AGCGGTCCAATCCAAC,l1,lanes_1-4,rep1-tx,37,9,singlet,rep1-tx,IFNg,ATF2
l1_AGCGTATTCGACAGCC,l1,lanes_1-4,rep1-tx,25,5,singlet,rep1-tx,IFNg,MYC
l1_AGGGAGTTCAGTGTTG,l1,lanes_1-4,rep1-tx,23,5,singlet,rep1-tx,IFNg,STAT5A
l1_AGTGAGGCAATCTGCA,l1,lanes_1-4,rep1-tx,102,8,singlet,rep1-tx,IFNg,IFNGR1
l1_AGTGGGAGTCATATGC,l1,lanes_1-4,rep1-tx,48,9,singlet,rep1-tx,IFNg,SMAD4
l1_AGTTGGTGTATTACCG,l1,lanes_1-4,rep1-tx,33,9,singlet,rep1-tx,IFNg,TNFRSF14
l1_ATAGACCGTTAAGAAC,l1,lanes_1-4,rep1-tx,143,9,singlet,rep1-tx,IFNg,IRF1
l1_ATCTGCCCATTCTCAT,l1,lanes_1-4,rep1-tx,61,6,singlet,rep1-tx,IFNg,PDCD1LG2
l1_ATCTGCCTCAAAGACA,l1,lanes_1-4,rep1-tx,50,14,singlet,rep1-tx,IFNg,NT
l1_ATGCGATCACTAGTAC,l1,lanes_1-4,rep1-tx,41,9,singlet,rep1-tx,IFNg,ATF2
l1_ATTGGACAGGGTTTCT,l1,lanes_1-4,rep1-tx,15,4,singlet,rep1-tx,IFNg,NT
l1_ATTGGTGCATCTGGTA,l1,lanes_1-4,rep1-tx,48,8,singlet,rep1-tx,IFNg,CD86
l1_CAACCAAAGAATGTGT,l1,lanes_1-4,rep1-tx,73,6,singlet,rep1-tx,IFNg,IRF1
l1_CAACCTCAGTCTCAAC,l1,lanes_1-4,rep1-tx,42,9,singlet,rep1-tx,IFNg,SMAD4
l1_CAAGATCGTCTTGTCC,l1,lanes_1-4,rep1-tx,84,6,singlet,rep1-tx,IFNg,ambiguous
l1_CAAGGCCCATAGAAAC,l1,lanes_1-4,rep1-tx,37,4,singlet,rep1-tx,IFNg,CD86
l1_CAAGTTGGTAGCCTAT,l1,lanes_1-4,rep1-tx,35,5,singlet,rep1-tx,IFNg,CAV1
l1_CACACAAAGTCGTTTG,l1,lanes_1-4,rep1-tx,26,7,singlet,rep1-tx,IFNg,ETV7
l1_CACTCCAAGTGTGAAT,l1,lanes_1-4,rep1-tx,35,4,singlet,rep1-tx,IFNg,SMAD4
l1_CACTCCATCACTCTTA,l1,lanes_1-4,rep1-tx,29,6,singlet,rep1-tx,IFNg,IFNGR1
l1_CAGCTAAGTCAAAGCG,l1,lanes_1-4,rep1-tx,46,13,singlet,rep1-tx,IFNg,ambiguous
l1_CAGCTGGTCCAAACTG,l1,lanes_1-4,rep1-tx,79,8,singlet,rep1-tx,IFNg,IRF1
l1_CAGTAACTCCTCAACC,l1,lanes_1-4,rep1-tx,53,14,singlet,rep1-tx,IFNg,POU2F2
l1_CATATGGAGGGTTCCC,l1,lanes_1-4,rep1-tx,43,12,singlet,rep1-tx,IFNg,STAT3
l1_CATCAAGTCCACTGGG,l1,lanes_1-4,rep1-tx,46,13,singlet,rep1-tx,IFNg,IFNGR1
l1_CCACGGATCAATAAGG,l1,lanes_1-4,rep1-tx,125,12,singlet,rep1-tx,IFNg,NFKBIA
l1_CCAGCGACACCAGATT,l1,lanes_1-4,rep1-tx,47,12,singlet,rep1-tx,IFNg,ETV7
l1_CCGTTCATCAAAGACA,l1,lanes_1-4,rep1-tx,93,12,singlet,rep1-tx,IFNg,ATF2
l1_CCTTACGCATCGGACC,l1,lanes_1-4,rep1-tx,62,14,singlet,rep1-tx,IFNg,NT
l1_CGAATGTAGGCAAAGA,l1,lanes_1-4,rep1-tx,48,15,singlet,rep1-tx,IFNg,STAT3
l1_CGATCGGCATAGGATA,l1,lanes_1-4,rep1-tx,173,29,singlet,rep1-tx,IFNg,IFNGR2
l1_CGCGTTTAGTGCGTGA,l1,lanes_1-4,rep1-tx,31,5,singlet,rep1-tx,IFNg,MYC
l1_CGCTGGATCTGTCTAT,l1,lanes_1-4,rep1-tx,104,9,singlet,rep1-tx,IFNg,NT
l1_CGGAGCTTCCGAGCCA,l1,lanes_1-4,rep1-tx,41,10,singlet,rep1-tx,IFNg,CD86
l1_CGGGTCATCCCTCAGT,l1,lanes_1-4,rep1-tx,11,3,singlet,rep1-tx,IFNg,IFNGR2
l1_CGGTTAATCTACTATC,l1,lanes_1-4,rep1-tx,29,6,singlet,rep1-tx,IFNg,MARCH8
l1_CGTAGGCAGAGTGAGA,l1,lanes_1-4,rep1-tx,60,13,singlet,rep1-tx,IFNg,ATF2
l1_CGTAGGCTCACCACCT,l1,lanes_1-4,rep1-tx,67,10,singlet,rep1-tx,IFNg,IRF1
l1_CGTCCATAGGACAGCT,l1,lanes_1-4,rep1-tx,42,7,singlet,rep1-tx,IFNg,IRF7
l1_CGTGTAACACAAGACG,l1,lanes_1-4,rep1-tx,56,7,singlet,rep1-tx,IFNg,JAK2
l1_CGTGTAAGTAATAGCA,l1,lanes_1-4,rep1-tx,24,3,singlet,rep1-tx,IFNg,NT
l1_CTACACCCAAGCTGTT,l1,lanes_1-4,rep1-tx,67,10,singlet,rep1-tx,IFNg,NT
l1_CTACACCGTACCTACA,l1,lanes_1-4,rep1-tx,219,5,singlet,rep1-tx,IFNg,ambiguous
l1_CTACATTAGACTAGAT,l1,lanes_1-4,rep1-tx,49,10,singlet,rep1-tx,IFNg,CAV1
l1_CTACCCAGTCTAAAGA,l1,lanes_1-4,rep1-tx,59,14,singlet,rep1-tx,IFNg,IRF1
l1_CTCAGAAGTGTCCTCT,l1,lanes_1-4,rep1-tx,49,9,singlet,rep1-tx,IFNg,CUL3
l1_CTCGAAATCGAGCCCA,l1,lanes_1-4,rep1-tx,85,7,singlet,rep1-tx,IFNg,NT
l1_CTGAAACTCGTAGATC,l1,lanes_1-4,rep1-tx,28,4,singlet,rep1-tx,IFNg,TNFRSF14
l1_CTGATAGCAGTAACGG,l1,lanes_1-4,rep1-tx,69,12,singlet,rep1-tx,IFNg,ambiguous
l1_CTTGGCTAGGGTATCG,l1,lanes_1-4,rep1-tx,71,13,singlet,rep1-tx,IFNg,ambiguous
l1_GAACATCAGTCTCGGC,l1,lanes_1-4,rep1-tx,83,6,singlet,rep1-tx,IFNg,NT
l1_GACAGAGAGATCCCAT,l1,lanes_1-4,rep1-tx,51,15,singlet,rep1-tx,IFNg,IRF7
l1_GACCAATTCTGTCAAG,l1,lanes_1-4,rep1-tx,45,8,singlet,rep1-tx,IFNg,JAK2
l1_GAGCAGATCTCCGGTT,l1,lanes_1-4,rep1-tx,43,9,singlet,rep1-tx,IFNg,STAT5A
l1_GAGGTGAAGGCCCTCA,l1,lanes_1-4,rep1-tx,34,10,singlet,rep1-tx,IFNg,NFKBIA
l1_GAGGTGAGTAAGAGAG,l1,lanes_1-4,rep1-tx,62,7,singlet,rep1-tx,IFNg,ETV7
l1_GATCGTACACCAGGTC,l1,lanes_1-4,rep1-tx,63,5,singlet,rep1-tx,IFNg,POU2F2
l1_GATCTAGCACGAGGTA,l1,lanes_1-4,rep1-tx,53,12,singlet,rep1-tx,IFNg,STAT3
l1_GATCTAGGTAGAGTGC,l1,lanes_1-4,rep1-tx,113,6,singlet,rep1-tx,IFNg,ambiguous
l1_GCACATACAATGAAAC,l1,lanes_1-4,rep1-tx,104,6,singlet,rep1-tx,IFNg,SPI1
l1_GCACATAGTAATCACC,l1,lanes_1-4,rep1-tx,50,8,singlet,rep1-tx,IFNg,NT
l1_GCACTCTCATCAGTCA,l1,lanes_1-4,rep1-tx,43,12,singlet,rep1-tx,IFNg,MARCH8
l1_GCCTCTAGTAAAGTCA,l1,lanes_1-4,rep1-tx,86,10,singlet,rep1-tx,IFNg,ambiguous
l1_GCGAGAATCGGATGTT,l1,lanes_1-4,rep1-tx,46,5,singlet,rep1-tx,IFNg,SMAD4
l1_GCGCGATGTGTAAGTA,l1,lanes_1-4,rep1-tx,137,13,singlet,rep1-tx,IFNg,NT
l1_GCTCCTAAGTTATCGC,l1,lanes_1-4,rep1-tx,43,12,singlet,rep1-tx,IFNg,IFNGR1
l1_GGATTACAGACTAGGC,l1,lanes_1-4,rep1-tx,50,11,singlet,rep1-tx,IFNg,UBE2L6
l1_GGCAATTGTAAGAGAG,l1,lanes_1-4,rep1-tx,40,7,singlet,rep1-tx,IFNg,STAT3
l1_GGGAATGCACGGTTTA,l1,lanes_1-4,rep1-tx,38,11,singlet,rep1-tx,IFNg,ATF2
l1_GGGCATCCACTGTTAG,l1,lanes_1-4,rep1-tx,206,13,singlet,rep1-tx,IFNg,ambiguous
l1_GGGCATCTCACCGTAA,l1,lanes_1-4,rep1-tx,207,7,singlet,rep1-tx,IFNg,POU2F2
l1_GGGTTGCAGTGAACGC,l1,lanes_1-4,rep1-tx,68,14,singlet,rep1-tx,IFNg,CMTM6
l1_GGTGAAGAGCGATTCT,l1,lanes_1-4,rep1-tx,78,10,singlet,rep1-tx,IFNg,NFKBIA
l1_GGTGTTACAAGTAGTA,l1,lanes_1-4,rep1-tx,80,14,singlet,rep1-tx,IFNg,IRF7
l1_GTACTCCGTTATTCTC,l1,lanes_1-4,rep1-tx,105,15,singlet,rep1-tx,IFNg,NT
l1_GTAGTCACACTACAGT,l1,lanes_1-4,rep1-tx,31,4,singlet,rep1-tx,IFNg,POU2F2
l1_GTCACGGCATGCCCGA,l1,lanes_1-4,rep1-tx,35,11,singlet,rep1-tx,IFNg,NFKBIA
l1_GTCCTCAAGTTCGATC,l1,lanes_1-4,rep1-tx,29,8,singlet,rep1-tx,IFNg,BRD4
l1_GTCGTAATCGGAGCAA,l1,lanes_1-4,rep1-tx,40,6,singlet,rep1-tx,IFNg,NT
l1_GTGCATATCAGGCAAG,l1,lanes_1-4,rep1-tx,112,11,singlet,rep1-tx,IFNg,ATF2
l1_GTGCTTCGTCGACTGC,l1,lanes_1-4,rep1-tx,25,8,singlet,rep1-tx,IFNg,PDCD1LG2
l1_GTGCTTCGTGAGGGTT,l1,lanes_1-4,rep1-tx,20,6,singlet,rep1-tx,IFNg,MARCH8
l1_GTGTGCGGTCGCTTCT,l1,lanes_1-4,rep1-tx,37,2,singlet,rep1-tx,IFNg,SMAD4
l1_GTGTTAGTCGTAGGTT,l1,lanes_1-4,rep1-tx,19,6,singlet,rep1-tx,IFNg,SPI1
l1_GTTCTCGGTTATTCTC,l1,lanes_1-4,rep1-tx,32,10,singlet,rep1-tx,IFNg,TNFRSF14
l1_TACTCATTCTACCTGC,l1,lanes_1-4,rep1-tx,47,9,singlet,rep1-tx,IFNg,JAK2
l1_TACTTGTCACCGATAT,l1,lanes_1-4,rep1-tx,45,12,singlet,rep1-tx,IFNg,ambiguous
l1_TAGCCGGGTCCAAGTT,l1,lanes_1-4,rep1-tx,28,9,singlet,rep1-tx,IFNg,IRF1
l1_TAGTTGGAGTATCTCG,l1,lanes_1-4,rep1-tx,29,9,singlet,rep1-tx,IFNg,CMTM6
l1_TATCAGGAGGGTTCCC,l1,lanes_1-4,rep1-tx,52,16,singlet,rep1-tx,IFNg,NFKBIA
l1_TATCTCACATCCTAGA,l1,lanes_1-4,rep1-tx,50,12,singlet,rep1-tx,IFNg,ambiguous
l1_TCAGATGCAAGTTGTC,l1,lanes_1-4,rep1-tx,86,14,singlet,rep1-tx,IFNg,UBE2L6
l1_TCAGGATGTAGTACCT,l1,lanes_1-4,rep1-tx,63,13,singlet,rep1-tx,IFNg,MARCH8
l1_TCAGGTAAGTCTCAAC,l1,lanes_1-4,rep1-tx,31,6,singlet,rep1-tx,IFNg,CD86
l1_TCATTACAGGCAGGTT,l1,lanes_1-4,rep1-tx,27,8,singlet,rep1-tx,IFNg,STAT2
l1_TCGCGAGCACCAGTTA,l1,lanes_1-4,rep1-tx,111,8,singlet,rep1-tx,IFNg,IFNGR2
l1_TCGCGTTCAATTCCTT,l1,lanes_1-4,rep1-tx,75,14,singlet,rep1-tx,IFNg,CD86
l1_TCGCGTTTCCCTCTTT,l1,lanes_1-4,rep1-tx,22,5,singlet,rep1-tx,IFNg,PDCD1LG2
l1_TCGGGACGTGCGATAG,l1,lanes_1-4,rep1-tx,114,6,singlet,rep1-tx,IFNg,IFNGR1
l1_TCGTAGACAGCTGTAT,l1,lanes_1-4,rep1-tx,160,12,singlet,rep1-tx,IFNg,NT
l1_TCTCATAGTTGGACCC,l1,lanes_1-4,rep1-tx,41,9,singlet,rep1-tx,IFNg,CUL3
l1_TCTCTAAGTTACAGAA,l1,lanes_1-4,rep1-tx,57,8,singlet,rep1-tx,IFNg,STAT2
l1_TCTCTAAGTTGATTGC,l1,lanes_1-4,rep1-tx,74,8,singlet,rep1-tx,IFNg,ambiguous
l1_TCTGAGATCTGCAGTA,l1,lanes_1-4,rep1-tx,54,10,singlet,rep1-tx,IFNg,PDCD1LG2
l1_TGAGCCGCACAAGACG,l1,lanes_1-4,rep1-tx,136,15,singlet,rep1-tx,IFNg,SMAD4
l1_TGCGGGTGTTACGGAG,l1,lanes_1-4,rep1-tx,40,7,singlet,rep1-tx,IFNg,IFNGR2
l1_TGCTACCGTAAATACG,l1,lanes_1-4,rep1-tx,72,10,singlet,rep1-tx,IFNg,IRF7
l1_TGGCGCAAGTTCCACA,l1,lanes_1-4,rep1-tx,85,8,singlet,rep1-tx,IFNg,STAT2
l1_TGGGCGTAGTTCGATC,l1,lanes_1-4,rep1-tx,58,9,singlet,rep1-tx,IFNg,ambiguous
l1_TGGTTAGTCGGATGGA,l1,lanes_1-4,rep1-tx,40,3,singlet,rep1-tx,IFNg,IRF1
l1_TGTATTCAGCGCCTTG,l1,lanes_1-4,rep1-tx,32,6,singlet,rep1-tx,IFNg,ETV7
l1_TGTGTTTGTCAACATC,l1,lanes_1-4,rep1-tx,66,14,singlet,rep1-tx,IFNg,CMTM6
l1_TGTTCCGAGTGTGAAT,l1,lanes_1-4,rep1-tx,20,5,singlet,rep1-tx,IFNg,ambiguous
l1_TGTTCCGCACAGATTC,l1,lanes_1-4,rep1-tx,15,4,singlet,rep1-tx,IFNg,STAT1
l1_TTAGGCAAGAGCTGGT,l1,lanes_1-4,rep1-tx,70,5,singlet,rep1-tx,IFNg,MARCH8
l1_TTAGGCAGTTCTGAAC,l1,lanes_1-4,rep1-tx,39,11,singlet,rep1-tx,IFNg,IFNGR1
l1_TTAGTTCGTGGTGTAG,l1,lanes_1-4,rep1-tx,57,5,singlet,rep1-tx,IFNg,JAK2
l1_TTATGCTCACCCAGTG,l1,lanes_1-4,rep1-tx,50,13,singlet,rep1-tx,IFNg,MARCH8
l1_TTATGCTCACGGACAA,l1,lanes_1-4,rep1-tx,79,14,singlet,rep1-tx,IFNg,IRF1
l1_TTCGAAGAGATATGCA,l1,lanes_1-4,rep1-tx,43,11,singlet,rep1-tx,IFNg,STAT2
l1_TTCTTAGGTCCTGCTT,l1,lanes_1-4,rep1-tx,79,9,singlet,rep1-tx,IFNg,POU2F2
l1_TTGGCAAAGGCGACAT,l1,lanes_1-4,rep1-tx,99,5,singlet,rep1-tx,IFNg,ambiguous
l1_TTTACTGGTCTAGCCG,l1,lanes_1-4,rep1-tx,53,13,singlet,rep1-tx,IFNg,MARCH8
l2_AAACGGGTCATGTCTT,l2,lanes_1-4,rep1-tx,40,4,singlet,rep1-tx,IFNg,STAT5A
l2_AAAGCAAAGAAAGTGG,l2,lanes_1-4,rep1-tx,13,4,singlet,rep1-tx,IFNg,CMTM6
l2_AAAGCAAGTTGCGCAC,l2,lanes_1-4,rep1-tx,62,15,singlet,rep1-tx,IFNg,ambiguous
l2_AACACGTGTGTTTGTG,l2,lanes_1-4,rep1-tx,36,4,singlet,rep1-tx,IFNg,CMTM6
l2_AACCATGTCTACCTGC,l2,lanes_1-4,rep1-tx,25,8,singlet,rep1-tx,IFNg,ambiguous
l2_AACTCAGCAATGAAAC,l2,lanes_1-4,rep1-tx,82,12,singlet,rep1-tx,IFNg,MYC
l2_AACTCAGGTAGCTGCC,l2,lanes_1-4,rep1-tx,62,11,singlet,rep1-tx,IFNg,IRF1
l2_AACTGGTCAAATACAG,l2,lanes_1-4,rep1-tx,80,10,singlet,rep1-tx,IFNg,CAV1
l2_AACTTTCGTAGAAGGA,l2,lanes_1-4,rep1-tx,46,11,singlet,rep1-tx,IFNg,CUL3
l2_AAGCCGCTCTTGAGAC,l2,lanes_1-4,rep1-tx,33,9,singlet,rep1-tx,IFNg,ambiguous
l2_ACACTGATCCGGCACA,l2,lanes_1-4,rep1-tx,47,9,singlet,rep1-tx,IFNg,CAV1
l2_ACCAGTATCGCGTAGC,l2,lanes_1-4,rep1-tx,93,10,singlet,rep1-tx,IFNg,CAV1
l2_ACGAGCCAGTAAGTAC,l2,lanes_1-4,rep1-tx,41,12,singlet,rep1-tx,IFNg,CAV1
l2_ACGAGGACAAATTGCC,l2,lanes_1-4,rep1-tx,23,3,singlet,rep1-tx,IFNg,ATF2
l2_ACGTCAATCTCAAGTG,l2,lanes_1-4,rep1-tx,149,14,singlet,rep1-tx,IFNg,NFKBIA
l2_ACTGAACTCGTTTATC,l2,lanes_1-4,rep1-tx,54,16,singlet,rep1-tx,IFNg,JAK2
l2_ACTGATGAGTGACATA,l2,lanes_1-4,rep1-tx,20,3,singlet,rep1-tx,IFNg,STAT2
l2_ACTTACTAGAGACTTA,l2,lanes_1-4,rep1-tx,43,12,singlet,rep1-tx,IFNg,ETV7
l2_AGCCTAATCTGTCTCG,l2,lanes_1-4,rep1-tx,45,12,singlet,rep1-tx,IFNg,CUL3
l2_AGCGTATTCGGCGCAT,l2,lanes_1-4,rep1-tx,42,13,singlet,rep1-tx,IFNg,IRF1
l2_AGTCTTTTCACCTTAT,l2,lanes_1-4,rep1-tx,54,11,singlet,rep1-tx,IFNg,ambiguous
l2_AGTTGGTTCTCATTCA,l2,lanes_1-4,rep1-tx,87,12,singlet,rep1-tx,IFNg,CUL3
l2_ATAACGCGTTCAGACT,l2,lanes_1-4,rep1-tx,91,10,singlet,rep1-tx,IFNg,SMAD4
l2_ATCCACCAGCCAGTTT,l2,lanes_1-4,rep1-tx,34,7,singlet,rep1-tx,IFNg,UBE2L6
l2_ATCTACTAGGAGCGAG,l2,lanes_1-4,rep1-tx,117,7,singlet,rep1-tx,IFNg,UBE2L6
l2_ATCTGCCGTTCACGGC,l2,lanes_1-4,rep1-tx,41,11,singlet,rep1-tx,IFNg,NT
l2_ATGAGGGGTGTTTGGT,l2,lanes_1-4,rep1-tx,26,8,singlet,rep1-tx,IFNg,JAK2
l2_ATGAGGGGTTCACCTC,l2,lanes_1-4,rep1-tx,33,9,singlet,rep1-tx,IFNg,IRF1
l2_ATGTGTGCAATAACGA,l2,lanes_1-4,rep1-tx,39,9,singlet,rep1-tx,IFNg,CD86
l2_ATTACTCCAGTACACT,l2,lanes_1-4,rep1-tx,101,12,singlet,rep1-tx,IFNg,ambiguous
l2_ATTGGTGAGTGTCCCG,l2,lanes_1-4,rep1-tx,85,10,singlet,rep1-tx,IFNg,NT
l2_CAACTAGCATGTAAGA,l2,lanes_1-4,rep1-tx,29,9,singlet,rep1-tx,IFNg,STAT1
l2_CAACTAGGTCGAGATG,l2,lanes_1-4,rep1-tx,30,9,singlet,rep1-tx,IFNg,STAT5A
l2_CAAGATCGTCCAGTTA,l2,lanes_1-4,rep1-tx,55,7,singlet,rep1-tx,IFNg,MARCH8
l2_CACACCTTCCGTAGTA,l2,lanes_1-4,rep1-tx,60,8,singlet,rep1-tx,IFNg,JAK2
l2_CACAGGCAGAGCTTCT,l2,lanes_1-4,rep1-tx,81,11,singlet,rep1-tx,IFNg,STAT3
l2_CACAGTAAGATATACG,l2,lanes_1-4,rep1-tx,42,10,singlet,rep1-tx,IFNg,ATF2
l2_CACATAGAGCAGCGTA,l2,lanes_1-4,rep1-tx,191,11,singlet,rep1-tx,IFNg,NFKBIA
l2_CACCAGGCACACCGAC,l2,lanes_1-4,rep1-tx,177,12,singlet,rep1-tx,IFNg,CUL3
l2_CAGAATCTCATCTGCC,l2,lanes_1-4,rep1-tx,41,9,singlet,rep1-tx,IFNg,IFNGR2
l2_CAGAGAGAGTGGAGAA,l2,lanes_1-4,rep1-tx,35,8,singlet,rep1-tx,IFNg,ambiguous
l2_CAGCTAAAGCGTGTCC,l2,lanes_1-4,rep1-tx,47,7,singlet,rep1-tx,IFNg,SMAD4
l2_CAGCTAAGTAGCCTCG,l2,lanes_1-4,rep1-tx,58,15,singlet,rep1-tx,IFNg,CMTM6
l2_CATATTCAGTGCTGCC,l2,lanes_1-4,rep1-tx,66,12,singlet,rep1-tx,IFNg,STAT5A
l2_CATCGAAAGTAGCGGT,l2,lanes_1-4,rep1-tx,66,12,singlet,rep1-tx,IFNg,STAT5A
l2_CATCGGGTCAGCGACC,l2,lanes_1-4,rep1-tx,198,9,singlet,rep1-tx,IFNg,STAT3
l2_CATGCCTTCTTATCTG,l2,lanes_1-4,rep1-tx,26,5,singlet,rep1-tx,IFNg,PDCD1LG2
l2_CATTATCAGACGCAAC,l2,lanes_1-4,rep1-tx,79,13,singlet,rep1-tx,IFNg,STAT2
l2_CATTATCCAAAGGAAG,l2,lanes_1-4,rep1-tx,179,13,singlet,rep1-tx,IFNg,IFNGR1
l2_CCACCTACACACAGAG,l2,lanes_1-4,rep1-tx,25,4,singlet,rep1-tx,IFNg,NT
l2_CCATGTCAGGCTCTTA,l2,lanes_1-4,rep1-tx,57,8,singlet,rep1-tx,IFNg,TNFRSF14
l2_CCATTCGAGCGTTTAC,l2,lanes_1-4,rep1-tx,76,13,singlet,rep1-tx,IFNg,CAV1
l2_CCATTCGGTAGGCTGA,l2,lanes_1-4,rep1-tx,46,9,singlet,rep1-tx,IFNg,TNFRSF14
l2_CCGGGATAGCAGATCG,l2,lanes_1-4,rep1-tx,36,10,singlet,rep1-tx,IFNg,ATF2
l2_CCTACCATCTCGGACG,l2,lanes_1-4,rep1-tx,39,8,singlet,rep1-tx,IFNg,TNFRSF14
l2_CCTTACGTCAACCAAC,l2,lanes_1-4,rep1-tx,171,9,singlet,rep1-tx,IFNg,STAT5A
l2_CGAACATAGTGTCCAT,l2,lanes_1-4,rep1-tx,37,6,singlet,rep1-tx,IFNg,CAV1
l2_CGAACATCATACAGCT,l2,lanes_1-4,rep1-tx,73,10,singlet,rep1-tx,IFNg,NFKBIA
l2_CGACCTTAGATGAGAG,l2,lanes_1-4,rep1-tx,54,13,singlet,rep1-tx,IFNg,IFNGR1
l2_CGAGAAGGTGATGTCT,l2,lanes_1-4,rep1-tx,73,5,singlet,rep1-tx,IFNg,NFKBIA
l2_CGAGCACCACGAGGTA,l2,lanes_1-4,rep1-tx,58,9,singlet,rep1-tx,IFNg,MARCH8
l2_CGAGCACTCTGCGACG,l2,lanes_1-4,rep1-tx,37,7,singlet,rep1-tx,IFNg,SMAD4
l2_CGATCGGTCCAGAAGG,l2,lanes_1-4,rep1-tx,44,14,singlet,rep1-tx,IFNg,IRF7
l2_CGCCAAGAGCGCCTTG,l2,lanes_1-4,rep1-tx,63,13,singlet,rep1-tx,IFNg,MYC
l2_CGCCAAGTCCCTAATT,l2,lanes_1-4,rep1-tx,59,5,singlet,rep1-tx,IFNg,IRF1
l2_CGCGTTTAGCCCAGCT,l2,lanes_1-4,rep1-tx,28,6,singlet,rep1-tx,IFNg,STAT5A
l2_CGGACACGTACCGTAT,l2,lanes_1-4,rep1-tx,32,10,singlet,rep1-tx,IFNg,IFNGR2
l2_CGGAGCTCACGCATCG,l2,lanes_1-4,rep1-tx,68,16,singlet,rep1-tx,IFNg,STAT2
l2_CGGCTAGAGCGCTCCA,l2,lanes_1-4,rep1-tx,201,10,singlet,rep1-tx,IFNg,NT
l2_CGGCTAGCAGGTCTCG,l2,lanes_1-4,rep1-tx,27,8,singlet,rep1-tx,IFNg,CAV1
l2_CGGCTAGCATAGACTC,l2,lanes_1-4,rep1-tx,142,7,singlet,rep1-tx,IFNg,CAV1
l2_CGGTTAAAGCTGATAA,l2,lanes_1-4,rep1-tx,49,14,singlet,rep1-tx,IFNg,NT
l2_CGTAGGCTCCGAGCCA,l2,lanes_1-4,rep1-tx,38,8,singlet,rep1-tx,IFNg,PDCD1LG2
l2_CGTCCATCACGACGAA,l2,lanes_1-4,rep1-tx,187,6,singlet,rep1-tx,IFNg,MARCH8
l2_CGTCCATTCTTAGCCC,l2,lanes_1-4,rep1-tx,18,4,singlet,rep1-tx,IFNg,STAT3
l2_CGTTCTGCATTGTGCA,l2,lanes_1-4,rep1-tx,68,9,singlet,rep1-tx,IFNg,CD86
l2_CGTTGGGCAGTATAAG,l2,lanes_1-4,rep1-tx,71,10,singlet,rep1-tx,IFNg,CD86
l2_CTAAGACCAGAGTGTG,l2,lanes_1-4,rep1-tx,142,11,singlet,rep1-tx,IFNg,UBE2L6
l2_CTACACCGTAAACGCG,l2,lanes_1-4,rep1-tx,61,12,singlet,rep1-tx,IFNg,IFNGR1
l2_CTACCCAGTCGAACAG,l2,lanes_1-4,rep1-tx,78,6,singlet,rep1-tx,IFNg,ambiguous
l2_CTACCCATCTCGGACG,l2,lanes_1-4,rep1-tx,65,7,singlet,rep1-tx,IFNg,JAK2
l2_CTAGCCTAGTGAAGAG,l2,lanes_1-4,rep1-tx,68,4,singlet,rep1-tx,IFNg,CMTM6
l2_CTAGCCTAGTTGTAGA,l2,lanes_1-4,rep1-tx,111,12,singlet,rep1-tx,IFNg,IFNGR1
l2_CTAGTGACATGGATGG,l2,lanes_1-4,rep1-tx,35,6,singlet,rep1-tx,IFNg,ambiguous
l2_CTCACACGTCGCTTTC,l2,lanes_1-4,rep1-tx,49,7,singlet,rep1-tx,IFNg,POU2F2
l2_CTCCTAGCACTTGGAT,l2,lanes_1-4,rep1-tx,49,7,singlet,rep1-tx,IFNg,MARCH8
l2_CTCGAGGGTTGGACCC,l2,lanes_1-4,rep1-tx,37,5,singlet,rep1-tx,IFNg,POU2F2
l2_CTCGTACCAGTATGCT,l2,lanes_1-4,rep1-tx,37,11,singlet,rep1-tx,IFNg,ETV7
l2_CTCTAATCATACGCCG,l2,lanes_1-4,rep1-tx,94,16,singlet,rep1-tx,IFNg,TNFRSF14
l2_CTGCGGACAGGTCTCG,l2,lanes_1-4,rep1-tx,69,15,singlet,rep1-tx,IFNg,ambiguous
l2_GAACGGAAGTACACCT,l2,lanes_1-4,rep1-tx,46,5,singlet,rep1-tx,IFNg,NFKBIA
l2_GAATAAGTCTGGTGTA,l2,lanes_1-4,rep1-tx,18,5,singlet,rep1-tx,IFNg,IFNGR1
l2_GACACGCAGCGATGAC,l2,lanes_1-4,rep1-tx,58,6,singlet,rep1-tx,IFNg,IRF7
l2_GACGCGTTCTACCTGC,l2,lanes_1-4,rep1-tx,27,6,singlet,rep1-tx,IFNg,NT
l2_GACTACATCCAAACAC,l2,lanes_1-4,rep1-tx,39,11,singlet,rep1-tx,IFNg,ambiguous
l2_GAGCAGAGTGAGGGTT,l2,lanes_1-4,rep1-tx,55,8,singlet,rep1-tx,IFNg,CD86
l2_GATCGATTCAGCACAT,l2,lanes_1-4,rep1-tx,68,14,singlet,rep1-tx,IFNg,PDCD1LG2
l2_GATCGCGCACATGACT,l2,lanes_1-4,rep1-tx,24,5,singlet,rep1-tx,IFNg,STAT3
l2_GCAAACTAGATCCCAT,l2,lanes_1-4,rep1-tx,136,10,singlet,rep1-tx,IFNg,IRF1
l2_GCAAACTTCAGCAACT,l2,lanes_1-4,rep1-tx,74,9,singlet,rep1-tx,IFNg,IFNGR2
l2_GCAGCCACACTCGACG,l2,lanes_1-4,rep1-tx,42,12,singlet,rep1-tx,IFNg,NT
l2_GCATGCGAGGTACTCT,l2,lanes_1-4,rep1-tx,74,5,singlet,rep1-tx,IFNg,TNFRSF14
l2_GCGAGAAGTCGAAAGC,l2,lanes_1-4,rep1-tx,101,15,singlet,rep1-tx,IFNg,ETV7
l2_GCGGGTTAGTAATCCC,l2,lanes_1-4,rep1-tx,25,5,singlet,rep1-tx,IFNg,UBE2L6
l2_GCGGGTTGTATCACCA,l2,lanes_1-4,rep1-tx,49,12,singlet,rep1-tx,IFNg,SMAD4
l2_GCTGCAGAGAGCTATA,l2,lanes_1-4,rep1-tx,27,4,singlet,rep1-tx,IFNg,CD86
l2_GCTGGGTTCCAGAGGA,l2,lanes_1-4,rep1-tx,16,5,singlet,rep1-tx,IFNg,CD86
l2_GGAATAATCGTCGTTC,l2,lanes_1-4,rep1-tx,44,12,singlet,rep1-tx,IFNg,MARCH8
l2_GGATTACCAGATCCAT,l2,lanes_1-4,rep1-tx,28,5,singlet,rep1-tx,IFNg,CD86
l2_GGCAATTTCTGTCAAG,l2,lanes_1-4,rep1-tx,58,7,singlet,rep1-tx,IFNg,NT
l2_GGCTCGACATGCTGGC,l2,lanes_1-4,rep1-tx,38,7,singlet,rep1-tx,IFNg,NFKBIA
l2_GGGAATGCAAGGTGTG,l2,lanes_1-4,rep1-tx,34,8,singlet,rep1-tx,IFNg,NT
l2_GGGATGATCCAGGGCT,l2,lanes_1-4,rep1-tx,16,3,singlet,rep1-tx,IFNg,CD86
l2_GGGTTGCGTGGAAAGA,l2,lanes_1-4,rep1-tx,55,10,singlet,rep1-tx,IFNg,IFNGR1
l2_GGTGCGTGTGTCAATC,l2,lanes_1-4,rep1-tx,26,2,singlet,rep1-tx,IFNg,ambiguous
l2_GTAGGCCAGGGCATGT,l2,lanes_1-4,rep1-tx,38,7,singlet,rep1-tx,IFNg,JAK2
l2_GTATTCTAGGTGCACA,l2,lanes_1-4,rep1-tx,44,13,singlet,rep1-tx,IFNg,STAT2
l2_GTCGTAACATGGGACA,l2,lanes_1-4,rep1-tx,30,6,singlet,rep1-tx,IFNg,NT
l2_GTCTCGTCATGACATC,l2,lanes_1-4,rep1-tx,19,6,singlet,rep1-tx,IFNg,NT
l2_GTCTCGTTCCAAGTAC,l2,lanes_1-4,rep1-tx,30,9,singlet,rep1-tx,IFNg,STAT5A
l2_GTGCGGTGTTATCGGT,l2,lanes_1-4,rep1-tx,39,10,singlet,rep1-tx,IFNg,ATF2
l2_GTGCGGTGTTGCGTTA,l2,lanes_1-4,rep1-tx,27,6,singlet,rep1-tx,IFNg,POU2F2
l2_GTGCTTCAGTGGTCCC,l2,lanes_1-4,rep1-tx,38,9,singlet,rep1-tx,IFNg,IFNGR1
l2_GTGCTTCCAGTACACT,l2,lanes_1-4,rep1-tx,36,7,singlet,rep1-tx,IFNg,CAV1
l2_GTGTGCGTCAACACCA,l2,lanes_1-4,rep1-tx,40,11,singlet,rep1-tx,IFNg,SMAD4
l2_GTTACAGCAGATGGCA,l2,lanes_1-4,rep1-tx,40,6,singlet,rep1-tx,IFNg,ETV7
l2_GTTTCTAGTGACTCAT,l2,lanes_1-4,rep1-tx,69,10,singlet,rep1-tx,IFNg,ambiguous
l2_TACACGAAGTGGGTTG,l2,lanes_1-4,rep1-tx,45,8,singlet,rep1-tx,IFNg,NT
l2_TACTTGTGTGCTAGCC,l2,lanes_1-4,rep1-tx,57,13,singlet,rep1-tx,IFNg,NT
l2_TAGCCGGGTAGCCTCG,l2,lanes_1-4,rep1-tx,14,3,singlet,rep1-tx,IFNg,STAT3
l2_TAGGCATGTAATCACC,l2,lanes_1-4,rep1-tx,51,7,singlet,rep1-tx,IFNg,IRF7
l2_TAGGCATGTGCAGACA,l2,lanes_1-4,rep1-tx,82,9,singlet,rep1-tx,IFNg,MARCH8
l2_TATCAGGCAAGCGCTC,l2,lanes_1-4,rep1-tx,33,10,singlet,rep1-tx,IFNg,CMTM6
l2_TATCAGGGTTTGACTG,l2,lanes_1-4,rep1-tx,30,9,singlet,rep1-tx,IFNg,CD86
l2_TATCTCATCCCATTAT,l2,lanes_1-4,rep1-tx,22,7,singlet,rep1-tx,IFNg,STAT2
l2_TATCTCATCGCATGGC,l2,lanes_1-4,rep1-tx,41,10,singlet,rep1-tx,IFNg,IFNGR1
l2_TATTACCCAAGTAATG,l2,lanes_1-4,rep1-tx,36,8,singlet,rep1-tx,IFNg,IFNGR2
l2_TCAACGAGTATAATGG,l2,lanes_1-4,rep1-tx,70,10,singlet,rep1-tx,IFNg,CD86
l2_TCAATCTCAGTTCATG,l2,lanes_1-4,rep1-tx,70,6,singlet,rep1-tx,IFNg,UBE2L6
l2_TCATTTGAGTAGCGGT,l2,lanes_1-4,rep1-tx,49,9,singlet,rep1-tx,IFNg,TNFRSF14
l2_TCATTTGCAGTACACT,l2,lanes_1-4,rep1-tx,56,6,singlet,rep1-tx,IFNg,CAV1
l2_TCGGGACGTCGACTGC,l2,lanes_1-4,rep1-tx,156,9,singlet,rep1-tx,IFNg,ETV7
l2_TCGGTAAGTCCGTCAG,l2,lanes_1-4,rep1-tx,19,6,singlet,rep1-tx,IFNg,TNFRSF14
l2_TCGTACCAGACAGAGA,l2,lanes_1-4,rep1-tx,72,6,singlet,rep1-tx,IFNg,TNFRSF14
l2_TCGTAGAGTAAACCTC,l2,lanes_1-4,rep1-tx,19,4,singlet,rep1-tx,IFNg,CMTM6
l2_TCTATTGAGTATCGAA,l2,lanes_1-4,rep1-tx,41,11,singlet,rep1-tx,IFNg,IFNGR1
l2_TCTCATAGTGATAAGT,l2,lanes_1-4,rep1-tx,77,8,singlet,rep1-tx,IFNg,ambiguous
l2_TGACAACAGGTTACCT,l2,lanes_1-4,rep1-tx,99,10,singlet,rep1-tx,IFNg,IRF7
l2_TGACTAGAGGGATCTG,l2,lanes_1-4,rep1-tx,90,13,singlet,rep1-tx,IFNg,STAT3
l2_TGACTAGCAGTCACTA,l2,lanes_1-4,rep1-tx,51,15,singlet,rep1-tx,IFNg,CMTM6
l2_TGAGAGGTCAGATAAG,l2,lanes_1-4,rep1-tx,76,12,singlet,rep1-tx,IFNg,STAT5A
l2_TGAGCATGTGTGCCTG,l2,lanes_1-4,rep1-tx,28,6,singlet,rep1-tx,IFNg,NT
l2_TGAGCCGTCATACGGT,l2,lanes_1-4,rep1-tx,47,8,singlet,rep1-tx,IFNg,IFNGR2
l2_TGAGGGAGTCGAACAG,l2,lanes_1-4,rep1-tx,58,15,singlet,rep1-tx,IFNg,IFNGR2
l2_TGAGGGAGTTGTGGCC,l2,lanes_1-4,rep1-tx,19,5,singlet,rep1-tx,IFNg,IFNGR2
l2_TGCGTGGCACGGCGTT,l2,lanes_1-4,rep1-tx,36,4,singlet,rep1-tx,IFNg,NFKBIA
l2_TGCGTGGCAGGTGGAT,l2,lanes_1-4,rep1-tx,32,9,singlet,rep1-tx,IFNg,UBE2L6
l2_TGCTGCTTCGTTACAG,l2,lanes_1-4,rep1-tx,16,5,singlet,rep1-tx,IFNg,TNFRSF14
l2_TGGACGCAGAAAGTGG,l2,lanes_1-4,rep1-tx,90,10,singlet,rep1-tx,IFNg,SPI1
l2_TGGACGCTCCTTTCGG,l2,lanes_1-4,rep1-tx,126,10,singlet,rep1-tx,IFNg,IRF1
l2_TGGACGCTCTCGATGA,l2,lanes_1-4,rep1-tx,61,7,singlet,rep1-tx,IFNg,STAT2
l2_TGGCGCAGTGTAATGA,l2,lanes_1-4,rep1-tx,134,8,singlet,rep1-tx,IFNg,POU2F2
l2_TGGGAAGAGACTAGGC,l2,lanes_1-4,rep1-tx,56,8,singlet,rep1-tx,IFNg,JAK2
l2_TGGTTCCTCTTTACGT,l2,lanes_1-4,rep1-tx,18,3,singlet,rep1-tx,IFNg,SMAD4
l2_TTAACTCAGAAACCAT,l2,lanes_1-4,rep1-tx,52,12,singlet,rep1-tx,IFNg,BRD4
l2_TTAACTCGTTTGACAC,l2,lanes_1-4,rep1-tx,48,12,singlet,rep1-tx,IFNg,SMAD4
l2_TTAGGCAAGAGCCTAG,l2,lanes_1-4,rep1-tx,132,9,singlet,rep1-tx,IFNg,CD86
l2_TTCCCAGGTTCTCATT,l2,lanes_1-4,rep1-tx,105,6,singlet,rep1-tx,IFNg,CD86
l2_TTCTACACAAACCCAT,l2,lanes_1-4,rep1-tx,30,6,singlet,rep1-tx,IFNg,STAT2
l2_TTGAACGCACATCTTT,l2,lanes_1-4,rep1-tx,84,11,singlet,rep1-tx,IFNg,JAK2
l2_TTGAACGTCAACTCTT,l2,lanes_1-4,rep1-tx,47,7,singlet,rep1-tx,IFNg,JAK2
l2_TTTACTGGTGACGCCT,l2,lanes_1-4,rep1-tx,39,5,singlet,rep1-tx,IFNg,TNFRSF14
l2_TTTCCTCCAAGGACTG,l2,lanes_1-4,rep1-tx,37,10,singlet,rep1-tx,IFNg,TNFRSF14
l3_AAACCTGAGAGTCTGG,l3,lanes_1-4,rep1-tx,38,9,singlet,rep1-tx,IFNg,IFNGR2
l3_AAACCTGGTAAATACG,l3,lanes_1-4,rep1-tx,106,9,singlet,rep1-tx,IFNg,NT
l3_AAAGATGTCTGCAAGT,l3,lanes_1-4,rep1-tx,100,16,singlet,rep1-tx,IFNg,IRF1
l3_AACACGTCACATGGGA,l3,lanes_1-4,rep1-tx,31,9,singlet,rep1-tx,IFNg,ambiguous
l3_AACTCCCAGATCACGG,l3,lanes_1-4,rep1-tx,56,11,singlet,rep1-tx,IFNg,STAT1
l3_AAGACCTAGATGAGAG,l3,lanes_1-4,rep1-tx,126,16,singlet,rep1-tx,IFNg,CD86
l3_AAGGAGCTCTAAGCCA,l3,lanes_1-4,rep1-tx,85,14,singlet,rep1-tx,IFNg,IRF7
l3_ACACCAAAGCCAGGAT,l3,lanes_1-4,rep1-tx,39,9,singlet,rep1-tx,IFNg,IFNGR1
l3_ACACCCTGTACATCCA,l3,lanes_1-4,rep1-tx,39,7,singlet,rep1-tx,IFNg,JAK2
l3_ACACTGACAGACAGGT,l3,lanes_1-4,rep1-tx,137,11,singlet,rep1-tx,IFNg,ETV7
l3_ACATCAGGTCACCTAA,l3,lanes_1-4,rep1-tx,315,12,singlet,rep1-tx,IFNg,JAK2
l3_ACCCACTAGAATTGTG,l3,lanes_1-4,rep1-tx,42,8,singlet,rep1-tx,IFNg,CMTM6
l3_ACCCACTTCGATGAGG,l3,lanes_1-4,rep1-tx,93,16,singlet,rep1-tx,IFNg,TNFRSF14
l3_ACCTTTAAGGCACATG,l3,lanes_1-4,rep1-tx,62,12,singlet,rep1-tx,IFNg,TNFRSF14
l3_ACCTTTACAAACCCAT,l3,lanes_1-4,rep1-tx,90,8,singlet,rep1-tx,IFNg,ATF2
l3_ACGCAGCAGCCAGTAG,l3,lanes_1-4,rep1-tx,258,11,singlet,rep1-tx,IFNg,MYC
l3_ACGGAGACACGAAACG,l3,lanes_1-4,rep1-tx,81,6,singlet,rep1-tx,IFNg,CMTM6
l3_ACGGCCACACGTCTCT,l3,lanes_1-4,rep1-tx,39,8,singlet,rep1-tx,IFNg,ATF2
l3_ACTGAACAGCCCAGCT,l3,lanes_1-4,rep1-tx,98,15,singlet,rep1-tx,IFNg,IRF1
l3_ACTGAACAGGCTCTTA,l3,lanes_1-4,rep1-tx,32,9,singlet,rep1-tx,IFNg,NT
l3_ACTGAGTGTCAAACTC,l3,lanes_1-4,rep1-tx,46,14,singlet,rep1-tx,IFNg,IRF1
l3_ACTGATGTCCAGATCA,l3,lanes_1-4,rep1-tx,15,4,singlet,rep1-tx,IFNg,IRF1
l3_ACTGTCCGTGTTGAGG,l3,lanes_1-4,rep1-tx,35,7,singlet,rep1-tx,IFNg,UBE2L6
l3_AGATCTGAGTGGCACA,l3,lanes_1-4,rep1-tx,23,6,singlet,rep1-tx,IFNg,IFNGR1
l3_AGATTGCTCTAACTCT,l3,lanes_1-4,rep1-tx,122,15,singlet,rep1-tx,IFNg,ambiguous
l3_AGCCTAACACGTAAGG,l3,lanes_1-4,rep1-tx,27,7,singlet,rep1-tx,IFNg,TNFRSF14
l3_AGCGGTCTCACTTACT,l3,lanes_1-4,rep1-tx,201,9,singlet,rep1-tx,IFNg,IFNGR1
l3_AGGGTGAGTCAAGCGA,l3,lanes_1-4,rep1-tx,31,7,singlet,rep1-tx,IFNg,IRF1
l3_AGTGGGAAGCGATATA,l3,lanes_1-4,rep1-tx,38,6,singlet,rep1-tx,IFNg,STAT5A
l3_ATAAGAGAGCGATCCC,l3,lanes_1-4,rep1-tx,126,13,singlet,rep1-tx,IFNg,CAV1
l3_ATAGACCCAAACTGCT,l3,lanes_1-4,rep1-tx,50,10,singlet,rep1-tx,IFNg,IFNGR2
l3_ATCATCTTCGGATGGA,l3,lanes_1-4,rep1-tx,103,9,singlet,rep1-tx,IFNg,ETV7
l3_ATCCACCTCAGGTAAA,l3,lanes_1-4,rep1-tx,39,9,singlet,rep1-tx,IFNg,MARCH8
l3_ATCTACTGTTAAGAAC,l3,lanes_1-4,rep1-tx,114,15,singlet,rep1-tx,IFNg,BRD4
l3_ATCTGCCTCAAGAAGT,l3,lanes_1-4,rep1-tx,19,6,singlet,rep1-tx,IFNg,IFNGR2
l3_ATGTGTGAGCGTCAAG,l3,lanes_1-4,rep1-tx,39,3,singlet,rep1-tx,IFNg,IFNGR2
l3_ATTCTACTCGAGGTAG,l3,lanes_1-4,rep1-tx,56,8,singlet,rep1-tx,IFNg,STAT5A
l3_CAAGAAATCGTTTAGG,l3,lanes_1-4,rep1-tx,75,9,singlet,rep1-tx,IFNg,IRF1
l3_CACATAGCACTGTGTA,l3,lanes_1-4,rep1-tx,54,5,singlet,rep1-tx,IFNg,SMAD4
l3_CACATAGGTATAGTAG,l3,lanes_1-4,rep1-tx,62,16,singlet,rep1-tx,IFNg,ambiguous
l3_CACCACTTCCTCAACC,l3,lanes_1-4,rep1-tx,79,13,singlet,rep1-tx,IFNg,SMAD4
l3_CACCAGGAGAGACTTA,l3,lanes_1-4,rep1-tx,15,3,singlet,rep1-tx,IFNg,ATF2
l3_CACCTTGGTAGCGTCC,l3,lanes_1-4,rep1-tx,143,10,singlet,rep1-tx,IFNg,STAT1
l3_CAGCAGCAGAATCTCC,l3,lanes_1-4,rep1-tx,48,12,singlet,rep1-tx,IFNg,ambiguous
l3_CAGCATATCATGTCTT,l3,lanes_1-4,rep1-tx,41,10,singlet,rep1-tx,IFNg,IFNGR1
l3_CAGCTAACACCAGGTC,l3,lanes_1-4,rep1-tx,127,8,singlet,rep1-tx,IFNg,ambiguous
l3_CAGTCCTCATGCCCGA,l3,lanes_1-4,rep1-tx,65,15,singlet,rep1-tx,IFNg,STAT5A
l3_CATCGAAAGCGCTCCA,l3,lanes_1-4,rep1-tx,286,10,singlet,rep1-tx,IFNg,NT
l3_CATCGAACAATGGAGC,l3,lanes_1-4,rep1-tx,92,4,singlet,rep1-tx,IFNg,ambiguous
l3_CATTCGCAGTACGTAA,l3,lanes_1-4,rep1-tx,56,8,singlet,rep1-tx,IFNg,NT
l3_CCACCTAGTGTCCTCT,l3,lanes_1-4,rep1-tx,36,5,singlet,rep1-tx,IFNg,NT
l3_CCATGTCAGGGTGTGT,l3,lanes_1-4,rep1-tx,41,8,singlet,rep1-tx,IFNg,NT
l3_CCATGTCGTTAGGGTG,l3,lanes_1-4,rep1-tx,107,10,singlet,rep1-tx,IFNg,CAV1
l3_CCCAATCCACGGTAGA,l3,lanes_1-4,rep1-tx,35,5,singlet,rep1-tx,IFNg,ATF2
l3_CCCAGTTCATTTGCCC,l3,lanes_1-4,rep1-tx,48,6,singlet,rep1-tx,IFNg,STAT1
l3_CCTACACAGACAAGCC,l3,lanes_1-4,rep1-tx,34,7,singlet,rep1-tx,IFNg,MYC
l3_CCTACACTCTTGCAAG,l3,lanes_1-4,rep1-tx,43,14,singlet,rep1-tx,IFNg,STAT2
l3_CCTATTACAGGAATCG,l3,lanes_1-4,rep1-tx,67,6,singlet,rep1-tx,IFNg,PDCD1LG2
l3_CCTCAGTCATTGGGCC,l3,lanes_1-4,rep1-tx,138,13,singlet,rep1-tx,IFNg,ATF2
l3_CCTTCCCTCAAGGTAA,l3,lanes_1-4,rep1-tx,29,6,singlet,rep1-tx,IFNg,STAT2
l3_CCTTTCTCACTGTCGG,l3,lanes_1-4,rep1-tx,88,7,singlet,rep1-tx,IFNg,IFNGR1
l3_CGACCTTGTCGAGATG,l3,lanes_1-4,rep1-tx,62,13,singlet,rep1-tx,IFNg,UBE2L6
l3_CGAGCACGTTGAACTC,l3,lanes_1-4,rep1-tx,409,12,singlet,rep1-tx,IFNg,NFKBIA
l3_CGAGCCAAGATATGCA,l3,lanes_1-4,rep1-tx,98,12,singlet,rep1-tx,IFNg,IFNGR2
l3_CGCCAAGCACCGCTAG,l3,lanes_1-4,rep1-tx,28,8,singlet,rep1-tx,IFNg,SMAD4
l3_CGGAGCTGTCCGAAGA,l3,lanes_1-4,rep1-tx,46,10,singlet,rep1-tx,IFNg,STAT1
l3_CGGCTAGTCAGCAACT,l3,lanes_1-4,rep1-tx,51,13,singlet,rep1-tx,IFNg,JAK2
l3_CGGGTCATCGTTACGA,l3,lanes_1-4,rep1-tx,54,10,singlet,rep1-tx,IFNg,PDCD1LG2
l3_CGTCCATAGAAGGTTT,l3,lanes_1-4,rep1-tx,114,10,singlet,rep1-tx,IFNg,ambiguous
l3_CGTCCATCATAACCTG,l3,lanes_1-4,rep1-tx,98,12,singlet,rep1-tx,IFNg,PDCD1LG2
l3_CGTCCATCATCTACGA,l3,lanes_1-4,rep1-tx,43,6,singlet,rep1-tx,IFNg,ATF2
l3_CGTCTACGTTTAGGAA,l3,lanes_1-4,rep1-tx,54,8,singlet,rep1-tx,IFNg,BRD4
l3_CGTGTCTGTAAGGATT,l3,lanes_1-4,rep1-tx,58,6,singlet,rep1-tx,IFNg,STAT1
l3_CGTTCTGCATAGTAAG,l3,lanes_1-4,rep1-tx,163,8,singlet,rep1-tx,IFNg,ETV7
l3_CTAACTTTCCAATGGT,l3,lanes_1-4,rep1-tx,68,15,singlet,rep1-tx,IFNg,IRF7
l3_CTAACTTTCTTGTATC,l3,lanes_1-4,rep1-tx,62,8,singlet,rep1-tx,IFNg,IRF1
l3_CTACACCCAAGAGTCG,l3,lanes_1-4,rep1-tx,47,9,singlet,rep1-tx,IFNg,ATF2
l3_CTAGCCTTCAGCATGT,l3,lanes_1-4,rep1-tx,47,12,singlet,rep1-tx,IFNg,STAT2
l3_CTCAGAAGTCGAGTTT,l3,lanes_1-4,rep1-tx,94,13,singlet,rep1-tx,IFNg,CD86
l3_CTCGAAATCTTTAGGG,l3,lanes_1-4,rep1-tx,31,10,singlet,rep1-tx,IFNg,ETV7
l3_CTCGGGACATCCGTGG,l3,lanes_1-4,rep1-tx,76,12,singlet,rep1-tx,IFNg,JAK2
l3_CTGAAACTCAGAAATG,l3,lanes_1-4,rep1-tx,68,7,singlet,rep1-tx,IFNg,UBE2L6
l3_CTGATAGAGAGCTATA,l3,lanes_1-4,rep1-tx,71,10,singlet,rep1-tx,IFNg,SPI1
l3_CTGATAGTCATTATCC,l3,lanes_1-4,rep1-tx,25,4,singlet,rep1-tx,IFNg,NT
l3_CTGCCTAAGTGAACAT,l3,lanes_1-4,rep1-tx,56,15,singlet,rep1-tx,IFNg,NFKBIA
l3_CTGCCTACAACGATGG,l3,lanes_1-4,rep1-tx,40,9,singlet,rep1-tx,IFNg,MARCH8
l3_CTGCTGTTCTGGTGTA,l3,lanes_1-4,rep1-tx,41,8,singlet,rep1-tx,IFNg,CAV1
l3_CTGGTCTGTTCCATGA,l3,lanes_1-4,rep1-tx,88,10,singlet,rep1-tx,IFNg,STAT2
l3_CTGTGCTGTTCAGTAC,l3,lanes_1-4,rep1-tx,42,9,singlet,rep1-tx,IFNg,POU2F2
l3_CTTAACTGTCCAAGTT,l3,lanes_1-4,rep1-tx,160,9,singlet,rep1-tx,IFNg,CD86
l3_CTTACCGAGTAGGTGC,l3,lanes_1-4,rep1-tx,129,15,singlet,rep1-tx,IFNg,NT
l3_CTTAGGATCAACGAAA,l3,lanes_1-4,rep1-tx,104,15,singlet,rep1-tx,IFNg,ambiguous
l3_CTTGGCTCACCTATCC,l3,lanes_1-4,rep1-tx,50,6,singlet,rep1-tx,IFNg,STAT2
l3_GAACCTAAGAACTGTA,l3,lanes_1-4,rep1-tx,29,3,singlet,rep1-tx,IFNg,CD86
l3_GAACCTAAGCAGGTCA,l3,lanes_1-4,rep1-tx,40,12,singlet,rep1-tx,IFNg,CMTM6
l3_GACAGAGAGCCACTAT,l3,lanes_1-4,rep1-tx,85,12,singlet,rep1-tx,IFNg,UBE2L6
l3_GACCTGGCACGAAAGC,l3,lanes_1-4,rep1-tx,99,16,singlet,rep1-tx,IFNg,POU2F2
l3_GACGGCTGTGGGTCAA,l3,lanes_1-4,rep1-tx,40,6,singlet,rep1-tx,IFNg,ATF2
l3_GACGTTAAGATGTTAG,l3,lanes_1-4,rep1-tx,55,14,singlet,rep1-tx,IFNg,MARCH8
l3_GACGTTACACCAGGTC,l3,lanes_1-4,rep1-tx,28,7,singlet,rep1-tx,IFNg,SMAD4
l3_GACTAACCAGCTCGAC,l3,lanes_1-4,rep1-tx,152,10,singlet,rep1-tx,IFNg,POU2F2
l3_GACTGCGAGTGTCCAT,l3,lanes_1-4,rep1-tx,58,13,singlet,rep1-tx,IFNg,ambiguous
l3_GAGCAGACAATGAATG,l3,lanes_1-4,rep1-tx,59,11,singlet,rep1-tx,IFNg,JAK2
l3_GAGTCCGGTTGGAGGT,l3,lanes_1-4,rep1-tx,134,13,singlet,rep1-tx,IFNg,STAT5A
l3_GATCGATAGAACTGTA,l3,lanes_1-4,rep1-tx,40,8,singlet,rep1-tx,IFNg,IFNGR2
l3_GATCTAGCATTTCAGG,l3,lanes_1-4,rep1-tx,55,9,singlet,rep1-tx,IFNg,ATF2
l3_GATGAGGAGTAAGTAC,l3,lanes_1-4,rep1-tx,39,9,singlet,rep1-tx,IFNg,IRF1
l3_GATGAGGGTACAGTTC,l3,lanes_1-4,rep1-tx,35,9,singlet,rep1-tx,IFNg,BRD4
l3_GATGCTAGTCTCTTAT,l3,lanes_1-4,rep1-tx,33,9,singlet,rep1-tx,IFNg,IFNGR1
l3_GATGCTAGTGACGCCT,l3,lanes_1-4,rep1-tx,51,7,singlet,rep1-tx,IFNg,ETV7
l3_GCACATACAGTGAGTG,l3,lanes_1-4,rep1-tx,32,6,singlet,rep1-tx,IFNg,IRF7
l3_GCATGTAGTCCATGAT,l3,lanes_1-4,rep1-tx,70,11,singlet,rep1-tx,IFNg,IFNGR2
l3_GCGCAACTCTCTTATG,l3,lanes_1-4,rep1-tx,79,5,singlet,rep1-tx,IFNg,IFNGR1
l3_GCGCAGTCAAGGACTG,l3,lanes_1-4,rep1-tx,46,12,singlet,rep1-tx,IFNg,CMTM6
l3_GCGCAGTTCGCGATCG,l3,lanes_1-4,rep1-tx,68,10,singlet,rep1-tx,IFNg,ambiguous
l3_GCGGGTTAGACTTTCG,l3,lanes_1-4,rep1-tx,66,13,singlet,rep1-tx,IFNg,ambiguous
l3_GCTCCTAAGGGAGTAA,l3,lanes_1-4,rep1-tx,116,10,singlet,rep1-tx,IFNg,NFKBIA
l3_GCTCCTATCTTCGGTC,l3,lanes_1-4,rep1-tx,28,8,singlet,rep1-tx,IFNg,CAV1
l3_GGAATAAAGTGAATTG,l3,lanes_1-4,rep1-tx,55,5,singlet,rep1-tx,IFNg,CAV1
l3_GGACGTCAGGCCCTCA,l3,lanes_1-4,rep1-tx,33,5,singlet,rep1-tx,IFNg,MARCH8
l3_GGCCGATTCGCCTGAG,l3,lanes_1-4,rep1-tx,152,11,singlet,rep1-tx,IFNg,IRF1
l3_GGGCATCAGTAAGTAC,l3,lanes_1-4,rep1-tx,70,12,singlet,rep1-tx,IFNg,BRD4
l3_GGTGTTAAGTGAAGAG,l3,lanes_1-4,rep1-tx,67,11,singlet,rep1-tx,IFNg,PDCD1LG2
l3_GTATTCTAGCTGTTCA,l3,lanes_1-4,rep1-tx,13,4,singlet,rep1-tx,IFNg,UBE2L6
l3_GTCACGGAGGTGTTAA,l3,lanes_1-4,rep1-tx,59,12,singlet,rep1-tx,IFNg,STAT3
l3_GTCCTCAAGAGCCCAA,l3,lanes_1-4,rep1-tx,36,6,singlet,rep1-tx,IFNg,STAT5A
l3_GTCCTCATCAGAAATG,l3,lanes_1-4,rep1-tx,67,5,singlet,rep1-tx,IFNg,IRF1
l3_GTCGTAAGTCTCAACA,l3,lanes_1-4,rep1-tx,22,4,singlet,rep1-tx,IFNg,ambiguous
l3_GTCTTCGTCCGAATGT,l3,lanes_1-4,rep1-tx,33,8,singlet,rep1-tx,IFNg,TNFRSF14
l3_GTTAAGCGTTTCGCTC,l3,lanes_1-4,rep1-tx,40,7,singlet,rep1-tx,IFNg,ambiguous
l3_GTTCATTTCGAACTGT,l3,lanes_1-4,rep1-tx,51,16,singlet,rep1-tx,IFNg,ATF2
l3_TAAGTGCGTGAGGGAG,l3,lanes_1-4,rep1-tx,56,12,singlet,rep1-tx,IFNg,ETV7
l3_TACACGAAGGCTCATT,l3,lanes_1-4,rep1-tx,80,8,singlet,rep1-tx,IFNg,NT
l3_TACAGTGCACTTAAGC,l3,lanes_1-4,rep1-tx,28,8,singlet,rep1-tx,IFNg,IRF1
l3_TACAGTGGTAGAGTGC,l3,lanes_1-4,rep1-tx,41,11,singlet,rep1-tx,IFNg,IRF1
l3_TACGGGCGTTCCTCCA,l3,lanes_1-4,rep1-tx,21,1,singlet,rep1-tx,IFNg,IFNGR2
l3_TACTCGCAGTCGCCGT,l3,lanes_1-4,rep1-tx,101,10,singlet,rep1-tx,IFNg,IFNGR1
l3_TACTCGCTCCAAATGC,l3,lanes_1-4,rep1-tx,71,14,singlet,rep1-tx,IFNg,STAT5A
l3_TAGACCAGTCGGATCC,l3,lanes_1-4,rep1-tx,34,11,singlet,rep1-tx,IFNg,IFNGR1
l3_TAGAGCTTCAGAGACG,l3,lanes_1-4,rep1-tx,49,9,singlet,rep1-tx,IFNg,POU2F2
l3_TAGCCGGAGTGTCCAT,l3,lanes_1-4,rep1-tx,34,10,singlet,rep1-tx,IFNg,CAV1
l3_TAGTGGTCATCGTCGG,l3,lanes_1-4,rep1-tx,41,10,singlet,rep1-tx,IFNg,ambiguous
l3_TAGTGGTTCTGCTGTC,l3,lanes_1-4,rep1-tx,48,7,singlet,rep1-tx,IFNg,NT
l3_TAGTTGGCAGGAATCG,l3,lanes_1-4,rep1-tx,29,2,singlet,rep1-tx,IFNg,IRF1
l3_TAGTTGGGTGGTCCGT,l3,lanes_1-4,rep1-tx,65,16,singlet,rep1-tx,IFNg,TNFRSF14
l3_TATCTCATCTAACGGT,l3,lanes_1-4,rep1-tx,34,6,singlet,rep1-tx,IFNg,ambiguous
l3_TCACGAATCTGACCTC,l3,lanes_1-4,rep1-tx,64,5,singlet,rep1-tx,IFNg,NT
l3_TCATTTGAGCACCGCT,l3,lanes_1-4,rep1-tx,29,9,singlet,rep1-tx,IFNg,IFNGR1
l3_TCCCGATTCAACGGGA,l3,lanes_1-4,rep1-tx,80,11,singlet,rep1-tx,IFNg,ambiguous
l3_TCGTAGAAGATCTGCT,l3,lanes_1-4,rep1-tx,16,1,singlet,rep1-tx,IFNg,CMTM6
l3_TCGTAGACAGTAACGG,l3,lanes_1-4,rep1-tx,145,2,singlet,rep1-tx,IFNg,IFNGR2
l3_TCGTAGATCGCCAAAT,l3,lanes_1-4,rep1-tx,24,5,singlet,rep1-tx,IFNg,IFNGR1
l3_TCTATTGTCCTTGACC,l3,lanes_1-4,rep1-tx,27,4,singlet,rep1-tx,IFNg,CAV1
l3_TCTCATAAGCACAGGT,l3,lanes_1-4,rep1-tx,90,8,singlet,rep1-tx,IFNg,POU2F2
l3_TCTCTAACATTCTTAC,l3,lanes_1-4,rep1-tx,113,6,singlet,rep1-tx,IFNg,NT
l3_TGACGGCGTACCGTAT,l3,lanes_1-4,rep1-tx,100,14,singlet,rep1-tx,IFNg,SMAD4
l3_TGACGGCTCGAATGGG,l3,lanes_1-4,rep1-tx,113,7,singlet,rep1-tx,IFNg,JAK2
l3_TGAGCATCACGGTAGA,l3,lanes_1-4,rep1-tx,64,11,singlet,rep1-tx,IFNg,SMAD4
l3_TGAGCCGGTCAATACC,l3,lanes_1-4,rep1-tx,60,9,singlet,rep1-tx,IFNg,SMAD4
l3_TGAGCCGTCCAGATCA,l3,lanes_1-4,rep1-tx,21,4,singlet,rep1-tx,IFNg,NT
l3_TGAGGGAGTGGCAAAC,l3,lanes_1-4,rep1-tx,137,8,singlet,rep1-tx,IFNg,ATF2
l3_TGAGGGATCATGGTCA,l3,lanes_1-4,rep1-tx,53,13,singlet,rep1-tx,IFNg,ambiguous
l3_TGATTTCAGACTCGGA,l3,lanes_1-4,rep1-tx,50,14,singlet,rep1-tx,IFNg,NFKBIA
l3_TGATTTCAGGTGCTAG,l3,lanes_1-4,rep1-tx,36,7,singlet,rep1-tx,IFNg,JAK2
l3_TGATTTCCATCCCACT,l3,lanes_1-4,rep1-tx,146,7,singlet,rep1-tx,IFNg,IRF7
l3_TGCCAAAAGTCTTGCA,l3,lanes_1-4,rep1-tx,52,9,singlet,rep1-tx,IFNg,TNFRSF14
l3_TGCCCATGTGTATGGG,l3,lanes_1-4,rep1-tx,32,7,singlet,rep1-tx,IFNg,NFKBIA
l3_TGCGGGTCACAGACTT,l3,lanes_1-4,rep1-tx,88,14,singlet,rep1-tx,IFNg,CD86
l3_TGCTACCTCGTGGTCG,l3,lanes_1-4,rep1-tx,23,6,singlet,rep1-tx,IFNg,MARCH8
l3_TGGCTGGCAATGTAAG,l3,lanes_1-4,rep1-tx,37,11,singlet,rep1-tx,IFNg,IRF1
l3_TGTATTCCAAGTTGTC,l3,lanes_1-4,rep1-tx,57,9,singlet,rep1-tx,IFNg,ambiguous
l3_TGTTCCGAGTTTGCGT,l3,lanes_1-4,rep1-tx,61,7,singlet,rep1-tx,IFNg,STAT2
l3_TTAACTCCAGTATGCT,l3,lanes_1-4,rep1-tx,50,8,singlet,rep1-tx,IFNg,IRF1
l3_TTAGGACGTACCGCTG,l3,lanes_1-4,rep1-tx,45,9,singlet,rep1-tx,IFNg,ambiguous
l3_TTCCCAGTCTTGAGAC,l3,lanes_1-4,rep1-tx,50,14,singlet,rep1-tx,IFNg,BRD4
l3_TTCGGTCCAAGTTGTC,l3,lanes_1-4,rep1-tx,55,9,singlet,rep1-tx,IFNg,SMAD4
l3_TTCTCCTTCAACACAC,l3,lanes_1-4,rep1-tx,70,10,singlet,rep1-tx,IFNg,JAK2
l3_TTCTTAGAGTGAAGTT,l3,lanes_1-4,rep1-tx,61,6,singlet,rep1-tx,IFNg,SMAD4
l3_TTGCCGTAGAGGTAGA,l3,lanes_1-4,rep1-tx,51,6,singlet,rep1-tx,IFNg,MARCH8
l3_TTGCGTCGTCGAACAG,l3,lanes_1-4,rep1-tx,185,15,singlet,rep1-tx,IFNg,CAV1
l3_TTTATGCAGACTCGGA,l3,lanes_1-4,rep1-tx,62,12,singlet,rep1-tx,IFNg,ambiguous
l3_TTTGTCAAGCAGCGTA,l3,lanes_1-4,rep1-tx,32,9,singlet,rep1-tx,IFNg,MARCH8
l3_TTTGTCACAGGAATGC,l3,lanes_1-4,rep1-tx,73,13,singlet,rep1-tx,IFNg,CD86
l4_AAACCTGCACGTTGGC,l4,lanes_1-4,rep1-tx,40,3,singlet,rep1-tx,IFNg,MARCH8
l4_AAACGGGGTGACCAAG,l4,lanes_1-4,rep1-tx,87,11,singlet,rep1-tx,IFNg,ATF2
l4_AAAGTAGCATGCCTTC,l4,lanes_1-4,rep1-tx,33,4,singlet,rep1-tx,IFNg,CMTM6
l4_AAATGCCGTAATCGTC,l4,lanes_1-4,rep1-tx,38,3,singlet,rep1-tx,IFNg,NFKBIA
l4_AACTCAGCACGTAAGG,l4,lanes_1-4,rep1-tx,159,14,singlet,rep1-tx,IFNg,SMAD4
l4_ACACCAAGTGTAATGA,l4,lanes_1-4,rep1-tx,39,10,singlet,rep1-tx,IFNg,NFKBIA
l4_ACCCACTAGAGTCTGG,l4,lanes_1-4,rep1-tx,47,10,singlet,rep1-tx,IFNg,IFNGR2
l4_ACCGTAACAGACGCAA,l4,lanes_1-4,rep1-tx,84,15,singlet,rep1-tx,IFNg,STAT2
l4_ACCTTTAGTCACTTCC,l4,lanes_1-4,rep1-tx,14,1,singlet,rep1-tx,IFNg,NT
l4_ACCTTTAGTGTCAATC,l4,lanes_1-4,rep1-tx,34,8,singlet,rep1-tx,IFNg,NT
l4_ACGAGGAAGAGTTGGC,l4,lanes_1-4,rep1-tx,30,4,singlet,rep1-tx,IFNg,ATF2
l4_ACGAGGACATGCAACT,l4,lanes_1-4,rep1-tx,83,7,singlet,rep1-tx,IFNg,CD86
l4_ACGATACTCCTCGCAT,l4,lanes_1-4,rep1-tx,80,10,singlet,rep1-tx,IFNg,NT
l4_ACGCAGCGTCAAAGCG,l4,lanes_1-4,rep1-tx,40,8,singlet,rep1-tx,IFNg,ambiguous
l4_ACGCCAGAGGACTGGT,l4,lanes_1-4,rep1-tx,15,3,singlet,rep1-tx,IFNg,IFNGR1
l4_ACGTCAATCACATAGC,l4,lanes_1-4,rep1-tx,47,11,singlet,rep1-tx,IFNg,CMTM6
l4_ACTATCTAGAAGGTGA,l4,lanes_1-4,rep1-tx,28,6,singlet,rep1-tx,IFNg,SPI1
l4_ACTATCTGTAGCGCAA,l4,lanes_1-4,rep1-tx,76,9,singlet,rep1-tx,IFNg,SPI1
l4_ACTGAACAGGCCCTTG,l4,lanes_1-4,rep1-tx,43,8,singlet,rep1-tx,IFNg,MARCH8
l4_ACTGCTCCAGTACACT,l4,lanes_1-4,rep1-tx,157,13,singlet,rep1-tx,IFNg,ATF2
l4_ACTTGTTTCGAACGGA,l4,lanes_1-4,rep1-tx,33,9,singlet,rep1-tx,IFNg,POU2F2
l4_AGACGTTGTATTCTCT,l4,lanes_1-4,rep1-tx,55,9,singlet,rep1-tx,IFNg,MARCH8
l4_AGACGTTGTCGCGGTT,l4,lanes_1-4,rep1-tx,52,11,singlet,rep1-tx,IFNg,ETV7
l4_AGAGCGATCACCAGGC,l4,lanes_1-4,rep1-tx,23,6,singlet,rep1-tx,IFNg,IFNGR1
l4_AGAGCTTCACAGAGGT,l4,lanes_1-4,rep1-tx,49,16,singlet,rep1-tx,IFNg,JAK2
l4_AGATTGCTCGTTGCCT,l4,lanes_1-4,rep1-tx,80,2,singlet,rep1-tx,IFNg,SMAD4
l4_AGCTCCTAGTGCAAGC,l4,lanes_1-4,rep1-tx,29,6,singlet,rep1-tx,IFNg,ATF2
l4_AGCTTGAGTAGCGTCC,l4,lanes_1-4,rep1-tx,56,7,singlet,rep1-tx,IFNg,IRF1
l4_AGGGATGCAGCCTTGG,l4,lanes_1-4,rep1-tx,51,4,singlet,rep1-tx,IFNg,CAV1
l4_AGGTCATAGACGACGT,l4,lanes_1-4,rep1-tx,56,6,singlet,rep1-tx,IFNg,SPI1
l4_AGGTCCGCAGCCTGTG,l4,lanes_1-4,rep1-tx,31,2,singlet,rep1-tx,IFNg,IFNGR1
l4_AGGTCCGTCTGAGGGA,l4,lanes_1-4,rep1-tx,20,5,singlet,rep1-tx,IFNg,IRF7
l4_AGTGGGAAGGCAAAGA,l4,lanes_1-4,rep1-tx,53,11,singlet,rep1-tx,IFNg,SMAD4
l4_AGTGTCAAGAGGTTAT,l4,lanes_1-4,rep1-tx,26,7,singlet,rep1-tx,IFNg,ETV7
l4_ATGCGATGTAACGACG,l4,lanes_1-4,rep1-tx,22,4,singlet,rep1-tx,IFNg,TNFRSF14
l4_ATTGGACTCTCATTCA,l4,lanes_1-4,rep1-tx,67,7,singlet,rep1-tx,IFNg,NT
l4_CAACCTCGTAGCGCTC,l4,lanes_1-4,rep1-tx,60,11,singlet,rep1-tx,IFNg,ATF2
l4_CACAAACGTGCTAGCC,l4,lanes_1-4,rep1-tx,43,8,singlet,rep1-tx,IFNg,POU2F2
l4_CACAGGCTCCAAGTAC,l4,lanes_1-4,rep1-tx,34,11,singlet,rep1-tx,IFNg,NT
l4_CACCACTCATGATCCA,l4,lanes_1-4,rep1-tx,93,8,singlet,rep1-tx,IFNg,SMAD4
l4_CACCACTTCACTTCAT,l4,lanes_1-4,rep1-tx,27,8,singlet,rep1-tx,IFNg,CAV1
l4_CAGAATCAGTTAAGTG,l4,lanes_1-4,rep1-tx,41,13,singlet,rep1-tx,IFNg,ambiguous
l4_CAGAGAGCATAGAAAC,l4,lanes_1-4,rep1-tx,26,4,singlet,rep1-tx,IFNg,UBE2L6
l4_CAGCCGAGTTAAGAAC,l4,lanes_1-4,rep1-tx,64,8,singlet,rep1-tx,IFNg,NT
l4_CATCAGATCATGTCTT,l4,lanes_1-4,rep1-tx,35,11,singlet,rep1-tx,IFNg,IRF1
l4_CATGACACACGTCTCT,l4,lanes_1-4,rep1-tx,78,10,singlet,rep1-tx,IFNg,CD86
l4_CCAATCCGTTGGAGGT,l4,lanes_1-4,rep1-tx,33,6,singlet,rep1-tx,IFNg,NT
l4_CCAATCCTCATATCGG,l4,lanes_1-4,rep1-tx,54,4,singlet,rep1-tx,IFNg,NT
l4_CCAATCCTCTGGCGTG,l4,lanes_1-4,rep1-tx,35,7,singlet,rep1-tx,IFNg,CMTM6
l4_CCACCTACAATGACCT,l4,lanes_1-4,rep1-tx,157,4,singlet,rep1-tx,IFNg,NT
l4_CCACTACGTACAGTTC,l4,lanes_1-4,rep1-tx,39,8,singlet,rep1-tx,IFNg,ETV7
l4_CCATTCGAGTTACGGG,l4,lanes_1-4,rep1-tx,57,12,singlet,rep1-tx,IFNg,CD86
l4_CCGGGATAGTTTCCTT,l4,lanes_1-4,rep1-tx,43,13,singlet,rep1-tx,IFNg,TNFRSF14
l4_CCGGGATGTCCTAGCG,l4,lanes_1-4,rep1-tx,36,5,singlet,rep1-tx,IFNg,JAK2
l4_CCGTACTAGCTATGCT,l4,lanes_1-4,rep1-tx,76,9,singlet,rep1-tx,IFNg,IRF1
l4_CCTAGCTAGGACCACA,l4,lanes_1-4,rep1-tx,184,9,singlet,rep1-tx,IFNg,STAT5A
l4_CCTATTAGTGCGCTTG,l4,lanes_1-4,rep1-tx,38,8,singlet,rep1-tx,IFNg,STAT3
l4_CCTCAGTGTCCCGACA,l4,lanes_1-4,rep1-tx,106,15,singlet,rep1-tx,IFNg,CD86
l4_CCTCTGACACTGTCGG,l4,lanes_1-4,rep1-tx,181,3,singlet,rep1-tx,IFNg,BRD4
l4_CCTTACGGTCACAAGG,l4,lanes_1-4,rep1-tx,47,15,singlet,rep1-tx,IFNg,TNFRSF14
l4_CGAACATGTCTGGTCG,l4,lanes_1-4,rep1-tx,53,7,singlet,rep1-tx,IFNg,STAT2
l4_CGATTGATCTCTAAGG,l4,lanes_1-4,rep1-tx,40,6,singlet,rep1-tx,IFNg,STAT5A
l4_CGCCAAGAGAAGGTTT,l4,lanes_1-4,rep1-tx,85,12,singlet,rep1-tx,IFNg,CMTM6
l4_CGCCAAGAGTAGGCCA,l4,lanes_1-4,rep1-tx,140,16,singlet,rep1-tx,IFNg,NT
l4_CGCTGGAAGAGAACAG,l4,lanes_1-4,rep1-tx,25,8,singlet,rep1-tx,IFNg,ETV7
l4_CGGAGCTGTGATAAGT,l4,lanes_1-4,rep1-tx,51,6,singlet,rep1-tx,IFNg,CAV1
l4_CGGCTAGGTATTACCG,l4,lanes_1-4,rep1-tx,26,7,singlet,rep1-tx,IFNg,IFNGR1
l4_CGGCTAGTCGAATCCA,l4,lanes_1-4,rep1-tx,59,12,singlet,rep1-tx,IFNg,NT
l4_CGGTTAAGTAGCGCAA,l4,lanes_1-4,rep1-tx,84,8,singlet,rep1-tx,IFNg,CUL3
l4_CGTGTAAGTAAGAGGA,l4,lanes_1-4,rep1-tx,28,5,singlet,rep1-tx,IFNg,MYC
l4_CTACCCAGTATAATGG,l4,lanes_1-4,rep1-tx,19,6,singlet,rep1-tx,IFNg,ambiguous
l4_CTACGTCAGTGCCATT,l4,lanes_1-4,rep1-tx,37,6,singlet,rep1-tx,IFNg,ATF2
l4_CTAGTGAGTGTAACGG,l4,lanes_1-4,rep1-tx,59,6,singlet,rep1-tx,IFNg,NT
l4_CTCGAAAAGATGCGAC,l4,lanes_1-4,rep1-tx,94,6,singlet,rep1-tx,IFNg,IRF1
l4_CTCGAAAAGCCATCGC,l4,lanes_1-4,rep1-tx,79,8,singlet,rep1-tx,IFNg,JAK2
l4_CTCGTACTCTTCGAGA,l4,lanes_1-4,rep1-tx,24,7,singlet,rep1-tx,IFNg,SPI1
l4_CTCTACGAGTAGGTGC,l4,lanes_1-4,rep1-tx,94,10,singlet,rep1-tx,IFNg,POU2F2
l4_CTGAAACGTGTCTGAT,l4,lanes_1-4,rep1-tx,24,7,singlet,rep1-tx,IFNg,CMTM6
l4_CTGCTGTTCGTTTGCC,l4,lanes_1-4,rep1-tx,45,2,singlet,rep1-tx,IFNg,IFNGR1
l4_CTGGTCTTCTTTAGTC,l4,lanes_1-4,rep1-tx,58,13,singlet,rep1-tx,IFNg,JAK2
l4_CTTACCGGTTAAGACA,l4,lanes_1-4,rep1-tx,38,7,singlet,rep1-tx,IFNg,JAK2
l4_CTTTGCGCATGCCCGA,l4,lanes_1-4,rep1-tx,72,14,singlet,rep1-tx,IFNg,CD86
l4_CTTTGCGCATTATCTC,l4,lanes_1-4,rep1-tx,45,13,singlet,rep1-tx,IFNg,NFKBIA
l4_CTTTGCGGTCAACTGT,l4,lanes_1-4,rep1-tx,81,13,singlet,rep1-tx,IFNg,ATF2
l4_GAAACTCTCCCAAGAT,l4,lanes_1-4,rep1-tx,37,5,singlet,rep1-tx,IFNg,MARCH8
l4_GAAATGATCGTCGTTC,l4,lanes_1-4,rep1-tx,28,3,singlet,rep1-tx,IFNg,CAV1
l4_GAACATCGTTATCCGA,l4,lanes_1-4,rep1-tx,47,13,singlet,rep1-tx,IFNg,STAT1
l4_GAAGCAGTCGAATCCA,l4,lanes_1-4,rep1-tx,95,8,singlet,rep1-tx,IFNg,CD86
l4_GACGCGTCACAGGCCT,l4,lanes_1-4,rep1-tx,36,10,singlet,rep1-tx,IFNg,IRF7
l4_GACGCGTGTCGACTGC,l4,lanes_1-4,rep1-tx,28,9,singlet,rep1-tx,IFNg,ambiguous
l4_GACGGCTAGCCAGTAG,l4,lanes_1-4,rep1-tx,18,2,singlet,rep1-tx,IFNg,NFKBIA
l4_GACGTTAGTTTCCACC,l4,lanes_1-4,rep1-tx,97,9,singlet,rep1-tx,IFNg,IFNGR1
l4_GACTACAAGAGCAATT,l4,lanes_1-4,rep1-tx,164,13,singlet,rep1-tx,IFNg,ambiguous
l4_GACTGCGAGTTCCACA,l4,lanes_1-4,rep1-tx,180,9,singlet,rep1-tx,IFNg,STAT5A
l4_GAGCAGAAGTGAATTG,l4,lanes_1-4,rep1-tx,64,9,singlet,rep1-tx,IFNg,IFNGR2
l4_GAGGTGAAGTGTGAAT,l4,lanes_1-4,rep1-tx,216,14,singlet,rep1-tx,IFNg,NT
l4_GAGTCCGTCTGCGTAA,l4,lanes_1-4,rep1-tx,41,8,singlet,rep1-tx,IFNg,NT
l4_GATCGATGTCGGCATC,l4,lanes_1-4,rep1-tx,51,9,singlet,rep1-tx,IFNg,ambiguous
l4_GCAATCAAGTCATGCT,l4,lanes_1-4,rep1-tx,80,9,singlet,rep1-tx,IFNg,MYC
l4_GCAGTTAAGTGTACTC,l4,lanes_1-4,rep1-tx,57,6,singlet,rep1-tx,IFNg,NFKBIA
l4_GCCAAATTCCGAGCCA,l4,lanes_1-4,rep1-tx,61,12,singlet,rep1-tx,IFNg,ambiguous
l4_GCGCAGTAGCAGCCTC,l4,lanes_1-4,rep1-tx,44,12,singlet,rep1-tx,IFNg,TNFRSF14
l4_GCTGCAGCATACAGCT,l4,lanes_1-4,rep1-tx,85,4,singlet,rep1-tx,IFNg,JAK2
l4_GCTGCTTCACGGTAGA,l4,lanes_1-4,rep1-tx,66,9,singlet,rep1-tx,IFNg,POU2F2
l4_GCTGCTTCAGCTATTG,l4,lanes_1-4,rep1-tx,38,8,singlet,rep1-tx,IFNg,NFKBIA
l4_GCTGCTTCATTAGGCT,l4,lanes_1-4,rep1-tx,38,2,singlet,rep1-tx,IFNg,CD86
l4_GCTGGGTCAAGCTGGA,l4,lanes_1-4,rep1-tx,53,3,singlet,rep1-tx,IFNg,IRF7
l4_GCTTCCAGTGAGTATA,l4,lanes_1-4,rep1-tx,71,6,singlet,rep1-tx,IFNg,IFNGR2
l4_GGAAAGCTCTGAGTGT,l4,lanes_1-4,rep1-tx,130,10,singlet,rep1-tx,IFNg,STAT1
l4_GGAACTTTCGACCAGC,l4,lanes_1-4,rep1-tx,49,9,singlet,rep1-tx,IFNg,NT
l4_GGACAGACAATCCAAC,l4,lanes_1-4,rep1-tx,52,13,singlet,rep1-tx,IFNg,CD86
l4_GGACAGACAGCTCGAC,l4,lanes_1-4,rep1-tx,55,5,singlet,rep1-tx,IFNg,IFNGR1
l4_GGACAGACATTTCACT,l4,lanes_1-4,rep1-tx,63,8,singlet,rep1-tx,IFNg,ambiguous
l4_GGGAATGGTTAGATGA,l4,lanes_1-4,rep1-tx,32,7,singlet,rep1-tx,IFNg,CMTM6
l4_GGGAGATCAGCGTTCG,l4,lanes_1-4,rep1-tx,66,13,singlet,rep1-tx,IFNg,PDCD1LG2
l4_GGGAGATCATTGCGGC,l4,lanes_1-4,rep1-tx,68,14,singlet,rep1-tx,IFNg,ambiguous
l4_GGGATGAAGGGTGTGT,l4,lanes_1-4,rep1-tx,35,6,singlet,rep1-tx,IFNg,IFNGR2
l4_GGGCATCTCTTGTCAT,l4,lanes_1-4,rep1-tx,37,3,singlet,rep1-tx,IFNg,MARCH8
l4_GGTGCGTTCAATCTCT,l4,lanes_1-4,rep1-tx,44,8,singlet,rep1-tx,IFNg,ATF2
l4_GTAACGTGTTGTTTGG,l4,lanes_1-4,rep1-tx,25,8,singlet,rep1-tx,IFNg,CD86
l4_GTAACGTTCTAGCACA,l4,lanes_1-4,rep1-tx,40,6,singlet,rep1-tx,IFNg,CD86
l4_GTACGTACACGAAAGC,l4,lanes_1-4,rep1-tx,58,8,singlet,rep1-tx,IFNg,POU2F2
l4_GTACGTATCACCGGGT,l4,lanes_1-4,rep1-tx,57,5,singlet,rep1-tx,IFNg,ETV7
l4_GTACTCCCAATCGGTT,l4,lanes_1-4,rep1-tx,44,9,singlet,rep1-tx,IFNg,ambiguous
l4_GTACTCCGTGTCTGAT,l4,lanes_1-4,rep1-tx,12,3,singlet,rep1-tx,IFNg,NFKBIA
l4_GTAGGCCGTAGAGTGC,l4,lanes_1-4,rep1-tx,64,10,singlet,rep1-tx,IFNg,TNFRSF14
l4_GTAGTCAAGTGTACCT,l4,lanes_1-4,rep1-tx,48,11,singlet,rep1-tx,IFNg,ETV7
l4_GTATTCTGTGACGCCT,l4,lanes_1-4,rep1-tx,30,4,singlet,rep1-tx,IFNg,NT
l4_GTCACAATCGCAGGCT,l4,lanes_1-4,rep1-tx,50,11,singlet,rep1-tx,IFNg,NT
l4_GTCATTTCACAACTGT,l4,lanes_1-4,rep1-tx,52,6,singlet,rep1-tx,IFNg,NT
l4_GTCCTCACAAAGGAAG,l4,lanes_1-4,rep1-tx,67,15,singlet,rep1-tx,IFNg,CMTM6
l4_GTCTTCGAGCTGAAAT,l4,lanes_1-4,rep1-tx,66,16,singlet,rep1-tx,IFNg,IRF1
l4_GTGCATATCGCCCTTA,l4,lanes_1-4,rep1-tx,32,8,singlet,rep1-tx,IFNg,IFNGR2
l4_GTGGGTCAGGTGCTAG,l4,lanes_1-4,rep1-tx,55,11,singlet,rep1-tx,IFNg,NT
l4_GTTACAGTCGAGAGCA,l4,lanes_1-4,rep1-tx,50,8,singlet,rep1-tx,IFNg,ATF2
l4_GTTCTCGCATCTCCCA,l4,lanes_1-4,rep1-tx,129,10,singlet,rep1-tx,IFNg,ETV7
l4_GTTTCTAGTAAGCACG,l4,lanes_1-4,rep1-tx,96,15,singlet,rep1-tx,IFNg,MARCH8
l4_TACCTTACATACGCTA,l4,lanes_1-4,rep1-tx,72,15,singlet,rep1-tx,IFNg,IFNGR1
l4_TACTCGCGTGCGGTAA,l4,lanes_1-4,rep1-tx,38,8,singlet,rep1-tx,IFNg,CMTM6
l4_TAGGCATGTAAGTTCC,l4,lanes_1-4,rep1-tx,21,6,singlet,rep1-tx,IFNg,MARCH8
l4_TAGTGGTAGTCGATAA,l4,lanes_1-4,rep1-tx,30,8,singlet,rep1-tx,IFNg,IRF7
l4_TAGTTGGAGACTTTCG,l4,lanes_1-4,rep1-tx,132,13,singlet,rep1-tx,IFNg,NFKBIA
l4_TATCAGGTCACGCATA,l4,lanes_1-4,rep1-tx,46,5,singlet,rep1-tx,IFNg,IRF1
l4_TATCTCATCAAGCCTA,l4,lanes_1-4,rep1-tx,37,5,singlet,rep1-tx,IFNg,IFNGR2
l4_TATTACCAGTCGATAA,l4,lanes_1-4,rep1-tx,54,8,singlet,rep1-tx,IFNg,IFNGR1
l4_TCAATCTAGCGTGTCC,l4,lanes_1-4,rep1-tx,34,4,singlet,rep1-tx,IFNg,UBE2L6
l4_TCACGAAGTGAGGGTT,l4,lanes_1-4,rep1-tx,50,7,singlet,rep1-tx,IFNg,STAT2
l4_TCAGATGAGCGATTCT,l4,lanes_1-4,rep1-tx,64,13,singlet,rep1-tx,IFNg,STAT1
l4_TCAGCAAGTCTAACGT,l4,lanes_1-4,rep1-tx,256,10,singlet,rep1-tx,IFNg,NT
l4_TCAGCTCTCCAGAAGG,l4,lanes_1-4,rep1-tx,55,9,singlet,rep1-tx,IFNg,IFNGR1
l4_TCAGGTACACTTAACG,l4,lanes_1-4,rep1-tx,20,6,singlet,rep1-tx,IFNg,IFNGR2
l4_TCGAGGCCAGCAGTTT,l4,lanes_1-4,rep1-tx,18,5,singlet,rep1-tx,IFNg,ambiguous
l4_TCGTACCAGAGAGCTC,l4,lanes_1-4,rep1-tx,57,10,singlet,rep1-tx,IFNg,JAK2
l4_TCTATTGAGAGTAAGG,l4,lanes_1-4,rep1-tx,32,4,singlet,rep1-tx,IFNg,IRF7
l4_TCTATTGTCTCTGTCG,l4,lanes_1-4,rep1-tx,51,6,singlet,rep1-tx,IFNg,NT
l4_TCTGGAACACAGGCCT,l4,lanes_1-4,rep1-tx,93,10,singlet,rep1-tx,IFNg,MARCH8
l4_TCTGGAAGTCAGTGGA,l4,lanes_1-4,rep1-tx,20,4,singlet,rep1-tx,IFNg,IRF1
l4_TCTTCGGGTCTGGAGA,l4,lanes_1-4,rep1-tx,57,5,singlet,rep1-tx,IFNg,TNFRSF14
l4_TCTTCGGGTTCGTTGA,l4,lanes_1-4,rep1-tx,21,6,singlet,rep1-tx,IFNg,STAT1
l4_TGACTAGAGCTAGGCA,l4,lanes_1-4,rep1-tx,55,7,singlet,rep1-tx,IFNg,MARCH8
l4_TGAGGGACATTAACCG,l4,lanes_1-4,rep1-tx,59,7,singlet,rep1-tx,IFNg,NFKBIA
l4_TGATTTCGTCTGATCA,l4,lanes_1-4,rep1-tx,23,5,singlet,rep1-tx,IFNg,MARCH8
l4_TGCCAAATCACTTCAT,l4,lanes_1-4,rep1-tx,42,6,singlet,rep1-tx,IFNg,NT
l4_TGCCCATTCGTCTGCT,l4,lanes_1-4,rep1-tx,89,16,singlet,rep1-tx,IFNg,CD86
l4_TGCCCTAAGTTAAGTG,l4,lanes_1-4,rep1-tx,30,1,singlet,rep1-tx,IFNg,TNFRSF14
l4_TGCGGGTAGACAAGCC,l4,lanes_1-4,rep1-tx,76,7,singlet,rep1-tx,IFNg,CAV1
l4_TGCTGCTGTTGGGACA,l4,lanes_1-4,rep1-tx,57,5,singlet,rep1-tx,IFNg,IFNGR1
l4_TGGCTGGGTCGACTAT,l4,lanes_1-4,rep1-tx,24,2,singlet,rep1-tx,IFNg,IRF1
l4_TGGCTGGTCAGGCGAA,l4,lanes_1-4,rep1-tx,58,9,singlet,rep1-tx,IFNg,NFKBIA
l4_TGGGCGTAGTCCATAC,l4,lanes_1-4,rep1-tx,32,7,singlet,rep1-tx,IFNg,CUL3
l4_TGGTTAGCACCTCGTT,l4,lanes_1-4,rep1-tx,58,6,singlet,rep1-tx,IFNg,ATF2
l4_TGGTTCCGTCCTAGCG,l4,lanes_1-4,rep1-tx,344,13,singlet,rep1-tx,IFNg,IFNGR1
l4_TGTGGTAGTTCCTCCA,l4,lanes_1-4,rep1-tx,26,5,singlet,rep1-tx,IFNg,CD86
l4_TTAACTCGTGTTTGTG,l4,lanes_1-4,rep1-tx,84,4,singlet,rep1-tx,IFNg,IRF1
l4_TTAGGACGTTACGCGC,l4,lanes_1-4,rep1-tx,66,5,singlet,rep1-tx,IFNg,POU2F2
l4_TTAGGCAAGAAGCCCA,l4,lanes_1-4,rep1-tx,76,11,singlet,rep1-tx,IFNg,NT
l4_TTCCCAGGTTATCACG,l4,lanes_1-4,rep1-tx,20,6,singlet,rep1-tx,IFNg,IRF1
l4_TTCGAAGCATGGTCTA,l4,lanes_1-4,rep1-tx,26,3,singlet,rep1-tx,IFNg,JAK2
l4_TTCGGTCAGCCTATGT,l4,lanes_1-4,rep1-tx,117,10,singlet,rep1-tx,IFNg,SMAD4
l4_TTGCCGTAGGCTAGGT,l4,lanes_1-4,rep1-tx,48,9,singlet,rep1-tx,IFNg,IFNGR2
l4_TTGCGTCTCTACCAGA,l4,lanes_1-4,rep1-tx,36,8,singlet,rep1-tx,IFNg,IFNGR2
l4_TTGTAGGAGAAGATTC,l4,lanes_1-4,rep1-tx,30,5,singlet,rep1-tx,IFNg,TNFRSF14
l4_TTTACTGAGCGCCTTG,l4,lanes_1-4,rep1-tx,28,7,singlet,rep1-tx,IFNg,POU2F2
l4_TTTCCTCGTGTATGGG,l4,lanes_1-4,rep1-tx,33,10,singlet,rep1-tx,IFNg,ambiguous
l4_TTTGTCACATGAGCGA,l4,lanes_1-4,rep1-tx,76,13,singlet,rep1-tx,IFNg,CUL3
l5_AAACCTGTCGGTTAAC,l5,lanes_5-8,rep3-tx,204,9,singlet,rep3-tx,IFNg,IRF1
l5_AAACGGGGTTAGGGTG,l5,lanes_5-8,rep3-tx,212,16,singlet,rep3-tx,IFNg,NT
l5_AAAGTAGAGTCTCAAC,l5,lanes_5-8,rep4-tx,100,9,singlet,rep4-tx,IFNg,NT
l5_AAAGTAGCAGACTCGC,l5,lanes_5-8,rep3-tx,80,22,singlet,rep3-tx,IFNg,IFNGR1
l5_AACACGTAGGGATACC,l5,lanes_5-8,rep4-tx,291,8,singlet,rep4-tx,IFNg,STAT5A
l5_AACCATGCAGAAGCAC,l5,lanes_5-8,rep3-tx,143,9,singlet,rep3-tx,IFNg,IFNGR2
l5_AACCGCGTCAGGTTCA,l5,lanes_5-8,rep3-tx,70,10,singlet,rep3-tx,IFNg,STAT1
l5_AACGTTGTCTTGACGA,l5,lanes_5-8,rep3-tx,60,14,singlet,rep3-tx,IFNg,MARCH8
l5_AACTCAGAGGATGCGT,l5,lanes_5-8,rep3-tx,98,10,singlet,rep3-tx,IFNg,NT
l5_AACTCAGCAAGACACG,l5,lanes_5-8,rep4-tx,201,3,singlet,rep4-tx,IFNg,NFKBIA
l5_AACTCTTTCTTGTTTG,l5,lanes_5-8,rep3-tx,162,13,singlet,rep3-tx,IFNg,ATF2
l5_AAGACCTCAGCGAACA,l5,lanes_5-8,rep3-tx,133,14,singlet,rep3-tx,IFNg,NT
l5_AAGCCGCCATACCATG,l5,lanes_5-8,rep4-tx,328,13,singlet,rep4-tx,IFNg,POU2F2
l5_AAGCCGCGTTAGAACA,l5,lanes_5-8,rep3-tx,32,7,singlet,rep3-tx,IFNg,JAK2
l5_AAGGCAGCATCGGGTC,l5,lanes_5-8,rep3-tx,241,22,singlet,rep3-tx,IFNg,STAT5A
l5_AAGTCTGGTTGATTGC,l5,lanes_5-8,rep4-tx,313,13,singlet,rep4-tx,IFNg,STAT3
l5_ACACCGGTCCAAATGC,l5,lanes_5-8,rep3-tx,107,13,singlet,rep3-tx,IFNg,JAK2
l5_ACAGCCGCAGGTCCAC,l5,lanes_5-8,rep4-tx,31,8,singlet,rep4-tx,IFNg,NT
l5_ACATCAGCAACGATCT,l5,lanes_5-8,rep3-tx,125,16,singlet,rep3-tx,IFNg,BRD4
l5_ACATCAGCACGAAATA,l5,lanes_5-8,rep3-tx,108,19,singlet,rep3-tx,IFNg,IFNGR1
l5_ACCTTTAGTATATCCG,l5,lanes_5-8,rep3-tx,157,14,singlet,rep3-tx,IFNg,STAT2
l5_ACCTTTATCCACTCCA,l5,lanes_5-8,rep4-tx,120,5,singlet,rep4-tx,IFNg,PDCD1LG2
l5_ACGAGGAAGAGGTTGC,l5,lanes_5-8,rep4-tx,154,13,singlet,rep4-tx,IFNg,JAK2
l5_ACGAGGAGTGTGGCTC,l5,lanes_5-8,rep4-tx,202,11,singlet,rep4-tx,IFNg,MARCH8
l5_ACGAGGATCGGAGCAA,l5,lanes_5-8,rep3-tx,91,15,singlet,rep3-tx,IFNg,IRF1
l5_ACGATGTCAGCCTTGG,l5,lanes_5-8,rep3-tx,207,14,singlet,rep3-tx,IFNg,NT
l5_ACGCAGCAGAGTACAT,l5,lanes_5-8,rep4-tx,322,11,singlet,rep4-tx,IFNg,ETV7
l5_ACGCAGCCAGACAAAT,l5,lanes_5-8,rep3-tx,122,18,singlet,rep3-tx,IFNg,ATF2
l5_ACGCCAGGTCTTGATG,l5,lanes_5-8,rep3-tx,107,8,singlet,rep3-tx,IFNg,ATF2
l5_ACGCCGACAAGAAGAG,l5,lanes_5-8,rep3-tx,82,10,singlet,rep3-tx,IFNg,ambiguous
l5_ACGGAGATCTTACCTA,l5,lanes_5-8,rep4-tx,90,8,singlet,rep4-tx,IFNg,ETV7
l5_ACGGCCACAGAAGCAC,l5,lanes_5-8,rep4-tx,203,8,singlet,rep4-tx,IFNg,STAT3
l5_ACTGAACGTCTCTTTA,l5,lanes_5-8,rep3-tx,263,17,singlet,rep3-tx,IFNg,STAT5A
l5_ACTGATGGTGGCGAAT,l5,lanes_5-8,rep3-tx,51,4,singlet,rep3-tx,IFNg,IFNGR1
l5_ACTGATGTCGACGGAA,l5,lanes_5-8,rep3-tx,145,21,singlet,rep3-tx,IFNg,MARCH8
l5_ACTTACTTCTGCCAGG,l5,lanes_5-8,rep3-tx,71,14,singlet,rep3-tx,IFNg,CMTM6
l5_ACTTGTTCAAGTAGTA,l5,lanes_5-8,rep3-tx,434,16,singlet,rep3-tx,IFNg,PDCD1LG2
l5_AGATCTGCAGCCAATT,l5,lanes_5-8,rep4-tx,116,10,singlet,rep4-tx,IFNg,NT
l5_AGATTGCCAGCGATCC,l5,lanes_5-8,rep4-tx,71,5,singlet,rep4-tx,IFNg,IFNGR1
l5_AGATTGCTCTGACCTC,l5,lanes_5-8,rep3-tx,133,17,singlet,rep3-tx,IFNg,CD86
l5_AGCATACGTGGTTTCA,l5,lanes_5-8,rep4-tx,309,8,singlet,rep4-tx,IFNg,CAV1
l5_AGCCTAAAGGCGACAT,l5,lanes_5-8,rep4-tx,475,11,singlet,rep4-tx,IFNg,ATF2
l5_AGCTCCTGTATTACCG,l5,lanes_5-8,rep4-tx,56,8,singlet,rep4-tx,IFNg,IFNGR2
l5_AGGGATGCACGTCTCT,l5,lanes_5-8,rep3-tx,51,14,singlet,rep3-tx,IFNg,NT
l5_AGTGAGGAGTAGTGCG,l5,lanes_5-8,rep3-tx,74,21,singlet,rep3-tx,IFNg,NT
l5_AGTGGGAAGTTCGCGC,l5,lanes_5-8,rep4-tx,190,12,singlet,rep4-tx,IFNg,STAT3
l5_AGTGGGAGTGTTGAGG,l5,lanes_5-8,rep4-tx,262,9,singlet,rep4-tx,IFNg,IRF7
l5_ATAGACCAGACCTAGG,l5,lanes_5-8,rep4-tx,267,11,singlet,rep4-tx,IFNg,NT
l5_ATCACGAGTCGAAAGC,l5,lanes_5-8,rep4-tx,362,11,singlet,rep4-tx,IFNg,STAT2
l5_ATCATCTAGTCGATAA,l5,lanes_5-8,rep4-tx,24,6,singlet,rep4-tx,IFNg,IRF1
l5_ATCATCTGTTACGACT,l5,lanes_5-8,rep3-tx,208,16,singlet,rep3-tx,IFNg,STAT3
l5_ATCCACCAGATGTCGG,l5,lanes_5-8,rep3-tx,68,11,singlet,rep3-tx,IFNg,ETV7
l5_ATCCACCCAGGTGGAT,l5,lanes_5-8,rep4-tx,182,6,singlet,rep4-tx,IFNg,NT
l5_ATGAGGGAGTGAAGTT,l5,lanes_5-8,rep4-tx,32,9,singlet,rep4-tx,IFNg,STAT2
l5_ATGTGTGCATATGCTG,l5,lanes_5-8,rep3-tx,56,13,singlet,rep3-tx,IFNg,TNFRSF14
l5_ATTGGTGAGCTAACTC,l5,lanes_5-8,rep4-tx,869,9,singlet,rep4-tx,IFNg,ATF2
l5_CAACTAGCATACAGCT,l5,lanes_5-8,rep4-tx,209,14,singlet,rep4-tx,IFNg,NT
l5_CAAGAAATCATGTAGC,l5,lanes_5-8,rep3-tx,232,18,singlet,rep3-tx,IFNg,NFKBIA
l5_CAAGGCCCATCCTTGC,l5,lanes_5-8,rep4-tx,110,1,singlet,rep4-tx,IFNg,NT
l5_CACACAATCTTGCCGT,l5,lanes_5-8,rep4-tx,255,13,singlet,rep4-tx,IFNg,CUL3
l5_CACACTCGTGACTACT,l5,lanes_5-8,rep3-tx,49,8,singlet,rep3-tx,IFNg,IFNGR1
l5_CACCACTCAAACAACA,l5,lanes_5-8,rep3-tx,119,14,singlet,rep3-tx,IFNg,NT
l5_CAGAATCGTCTTGTCC,l5,lanes_5-8,rep3-tx,149,15,singlet,rep3-tx,IFNg,NT
l5_CAGAGAGCATGCAACT,l5,lanes_5-8,rep3-tx,275,19,singlet,rep3-tx,IFNg,PDCD1LG2
l5_CAGCCGACATGTTCCC,l5,lanes_5-8,rep4-tx,563,6,singlet,rep4-tx,IFNg,NT
l5_CAGCTGGAGATGCGAC,l5,lanes_5-8,rep3-tx,190,17,singlet,rep3-tx,IFNg,NT
l5_CAGTAACAGTGTGAAT,l5,lanes_5-8,rep4-tx,310,10,singlet,rep4-tx,IFNg,MARCH8
l5_CATCAAGGTGATAAGT,l5,lanes_5-8,rep3-tx,153,19,singlet,rep3-tx,IFNg,MARCH8
l5_CATCAGAAGTACGATA,l5,lanes_5-8,rep4-tx,213,12,singlet,rep4-tx,IFNg,CD86
l5_CATCGAAAGTCGCCGT,l5,lanes_5-8,rep3-tx,210,20,singlet,rep3-tx,IFNg,STAT3
l5_CATCGGGCAACTGCGC,l5,lanes_5-8,rep3-tx,134,13,singlet,rep3-tx,IFNg,NT
l5_CATTCGCGTCTCCACT,l5,lanes_5-8,rep4-tx,193,8,singlet,rep4-tx,IFNg,NT
l5_CATTCGCTCTGGTTCC,l5,lanes_5-8,rep4-tx,319,9,singlet,rep4-tx,IFNg,CD86
l5_CCACCTAAGGCACATG,l5,lanes_5-8,rep3-tx,87,12,singlet,rep3-tx,IFNg,IRF1
l5_CCAGCGACAAGGACTG,l5,lanes_5-8,rep3-tx,254,13,singlet,rep3-tx,IFNg,STAT1
l5_CCGTACTGTCGAATCT,l5,lanes_5-8,rep4-tx,349,3,singlet,rep4-tx,IFNg,STAT5A
l5_CCGTACTGTTTGACAC,l5,lanes_5-8,rep3-tx,188,16,singlet,rep3-tx,IFNg,ATF2
l5_CCTTACGGTATAAACG,l5,lanes_5-8,rep3-tx,72,19,singlet,rep3-tx,IFNg,MARCH8
l5_CGAGAAGAGCTAGCCC,l5,lanes_5-8,rep4-tx,87,10,singlet,rep4-tx,IFNg,JAK2
l5_CGAGCCATCTAACGGT,l5,lanes_5-8,rep3-tx,97,9,singlet,rep3-tx,IFNg,NT
l5_CGATGTACATGCCACG,l5,lanes_5-8,rep4-tx,332,4,singlet,rep4-tx,IFNg,CMTM6
l5_CGCCAAGGTCTTGCGG,l5,lanes_5-8,rep4-tx,197,10,singlet,rep4-tx,IFNg,ambiguous
l5_CGCCAAGTCAACCATG,l5,lanes_5-8,rep4-tx,214,10,singlet,rep4-tx,IFNg,IFNGR1
l5_CGCTGGACAATGCCAT,l5,lanes_5-8,rep4-tx,201,7,singlet,rep4-tx,IFNg,TNFRSF14
l5_CGGACACGTTCTGGTA,l5,lanes_5-8,rep3-tx,43,11,singlet,rep3-tx,IFNg,NT
l5_CGGAGTCAGCCTATGT,l5,lanes_5-8,rep4-tx,136,6,singlet,rep4-tx,IFNg,JAK2
l5_CGGAGTCTCAGGATCT,l5,lanes_5-8,rep3-tx,143,18,singlet,rep3-tx,IFNg,JAK2
l5_CGGGTCATCGCCAAAT,l5,lanes_5-8,rep3-tx,66,16,singlet,rep3-tx,IFNg,SMAD4
l5_CGTAGCGTCTGGCGAC,l5,lanes_5-8,rep3-tx,77,11,singlet,rep3-tx,IFNg,JAK2
l5_CGTCCATAGCGTTGCC,l5,lanes_5-8,rep3-tx,137,14,singlet,rep3-tx,IFNg,MARCH8
l5_CGTCTACTCGTCGTTC,l5,lanes_5-8,rep4-tx,182,8,singlet,rep4-tx,IFNg,BRD4
l5_CGTTAGATCACGGTTA,l5,lanes_5-8,rep4-tx,512,9,singlet,rep4-tx,IFNg,CMTM6
l5_CGTTCTGAGGTGCTTT,l5,lanes_5-8,rep3-tx,421,12,singlet,rep3-tx,IFNg,MARCH8
l5_CGTTCTGCACGTCAGC,l5,lanes_5-8,rep3-tx,318,20,singlet,rep3-tx,IFNg,SMAD4
l5_CGTTGGGCACGCCAGT,l5,lanes_5-8,rep3-tx,106,15,singlet,rep3-tx,IFNg,TNFRSF14
l5_CGTTGGGGTGTCGCTG,l5,lanes_5-8,rep3-tx,90,12,singlet,rep3-tx,IFNg,TNFRSF14
l5_CTAACTTTCTGCGTAA,l5,lanes_5-8,rep3-tx,103,6,singlet,rep3-tx,IFNg,PDCD1LG2
l5_CTAAGACAGTACGATA,l5,lanes_5-8,rep3-tx,156,12,singlet,rep3-tx,IFNg,ETV7
l5_CTAGAGTTCTCTGAGA,l5,lanes_5-8,rep4-tx,162,6,singlet,rep4-tx,IFNg,ETV7
l5_CTCATTACAGTTAACC,l5,lanes_5-8,rep4-tx,57,6,singlet,rep4-tx,IFNg,IFNGR2
l5_CTCATTAGTTTGGGCC,l5,lanes_5-8,rep4-tx,820,11,singlet,rep4-tx,IFNg,NFKBIA
l5_CTCGTACTCGGTCTAA,l5,lanes_5-8,rep4-tx,362,14,singlet,rep4-tx,IFNg,NFKBIA
l5_CTCTAATCAGGGTTAG,l5,lanes_5-8,rep3-tx,109,15,singlet,rep3-tx,IFNg,STAT5A
l5_CTCTACGTCTCAAGTG,l5,lanes_5-8,rep3-tx,265,15,singlet,rep3-tx,IFNg,ATF2
l5_CTGATCCGTCCGAGTC,l5,lanes_5-8,rep3-tx,147,11,singlet,rep3-tx,IFNg,NFKBIA
l5_CTTAACTAGCCACGTC,l5,lanes_5-8,rep4-tx,385,12,singlet,rep4-tx,IFNg,POU2F2
l5_CTTAACTAGTGGTCCC,l5,lanes_5-8,rep4-tx,134,12,singlet,rep4-tx,IFNg,BRD4
l5_GAAACTCAGTGAACAT,l5,lanes_5-8,rep3-tx,166,15,singlet,rep3-tx,IFNg,SPI1
l5_GAACATCTCACCACCT,l5,lanes_5-8,rep4-tx,186,11,singlet,rep4-tx,IFNg,IRF7
l5_GAACCTACAATCGAAA,l5,lanes_5-8,rep3-tx,93,16,singlet,rep3-tx,IFNg,SMAD4
l5_GAACGGAGTCTACCTC,l5,lanes_5-8,rep3-tx,104,16,singlet,rep3-tx,IFNg,PDCD1LG2
l5_GACAGAGCAAGCGCTC,l5,lanes_5-8,rep3-tx,95,20,singlet,rep3-tx,IFNg,NFKBIA
l5_GACCAATAGGGTCTCC,l5,lanes_5-8,rep3-tx,80,13,singlet,rep3-tx,IFNg,CMTM6
l5_GACCAATTCGCTGATA,l5,lanes_5-8,rep4-tx,134,13,singlet,rep4-tx,IFNg,STAT1
l5_GACGGCTGTTCTGAAC,l5,lanes_5-8,rep4-tx,98,9,singlet,rep4-tx,IFNg,NT
l5_GACGTGCAGAGCTATA,l5,lanes_5-8,rep3-tx,50,8,singlet,rep3-tx,IFNg,NT
l5_GACGTGCCACTGTTAG,l5,lanes_5-8,rep4-tx,496,10,singlet,rep4-tx,IFNg,CD86
l5_GACTGCGGTCAAAGCG,l5,lanes_5-8,rep4-tx,229,14,singlet,rep4-tx,IFNg,CD86
l5_GACTGCGTCCGATATG,l5,lanes_5-8,rep4-tx,215,7,singlet,rep4-tx,IFNg,JAK2
l5_GAGCAGAGTTGGACCC,l5,lanes_5-8,rep3-tx,206,20,singlet,rep3-tx,IFNg,STAT3
l5_GAGCAGATCAGGTAAA,l5,lanes_5-8,rep3-tx,166,18,singlet,rep3-tx,IFNg,CUL3
l5_GATGAGGGTAACGCGA,l5,lanes_5-8,rep3-tx,76,17,singlet,rep3-tx,IFNg,NT
l5_GATGCTATCCTTTCGG,l5,lanes_5-8,rep3-tx,159,15,singlet,rep3-tx,IFNg,CMTM6
l5_GCACATAGTATCACCA,l5,lanes_5-8,rep3-tx,291,14,singlet,rep3-tx,IFNg,POU2F2
l5_GCACTCTGTATATCCG,l5,lanes_5-8,rep4-tx,50,14,singlet,rep4-tx,IFNg,STAT3
l5_GCACTCTTCTTGCATT,l5,lanes_5-8,rep3-tx,381,21,singlet,rep3-tx,IFNg,STAT3
l5_GCATACAGTAGCGTAG,l5,lanes_5-8,rep4-tx,229,12,singlet,rep4-tx,IFNg,ETV7
l5_GCATACATCGCTTAGA,l5,lanes_5-8,rep3-tx,131,16,singlet,rep3-tx,IFNg,UBE2L6
l5_GCATGATAGCAGATCG,l5,lanes_5-8,rep4-tx,423,12,singlet,rep4-tx,IFNg,UBE2L6
l5_GCCTCTAAGAAACCGC,l5,lanes_5-8,rep3-tx,200,7,singlet,rep3-tx,IFNg,NT
l5_GCCTCTAGTTCCCTTG,l5,lanes_5-8,rep4-tx,197,5,singlet,rep4-tx,IFNg,SMAD4
l5_GCGACCAGTCAATACC,l5,lanes_5-8,rep3-tx,302,14,singlet,rep3-tx,IFNg,NFKBIA
l5_GCGCAACAGTTACCCA,l5,lanes_5-8,rep3-tx,206,22,singlet,rep3-tx,IFNg,CD86
l5_GCGCAGTGTTTAAGCC,l5,lanes_5-8,rep4-tx,292,7,singlet,rep4-tx,IFNg,ETV7
l5_GCGGGTTGTTAAAGAC,l5,lanes_5-8,rep4-tx,248,10,singlet,rep4-tx,IFNg,STAT5A
l5_GCTGCTTAGCGTAATA,l5,lanes_5-8,rep3-tx,224,14,singlet,rep3-tx,IFNg,BRD4
l5_GCTGCTTAGGGTCTCC,l5,lanes_5-8,rep4-tx,459,13,singlet,rep4-tx,IFNg,TNFRSF14
l5_GCTGGGTAGCGATCCC,l5,lanes_5-8,rep4-tx,158,4,singlet,rep4-tx,IFNg,CMTM6
l5_GCTTCCACACGGACAA,l5,lanes_5-8,rep4-tx,179,12,singlet,rep4-tx,IFNg,JAK2
l5_GCTTGAAGTTCCACGG,l5,lanes_5-8,rep3-tx,169,19,singlet,rep3-tx,IFNg,MARCH8
l5_GCTTGAATCATGTCTT,l5,lanes_5-8,rep4-tx,159,6,singlet,rep4-tx,IFNg,POU2F2
l5_GGAACTTAGCGTTTAC,l5,lanes_5-8,rep3-tx,207,16,singlet,rep3-tx,IFNg,NT
l5_GGAATAATCTATGTGG,l5,lanes_5-8,rep3-tx,261,8,singlet,rep3-tx,IFNg,CAV1
l5_GGACAGAAGGACCACA,l5,lanes_5-8,rep4-tx,148,11,singlet,rep4-tx,IFNg,SMAD4
l5_GGACAGAGTATAAACG,l5,lanes_5-8,rep3-tx,105,12,singlet,rep3-tx,IFNg,ambiguous
l5_GGACATTGTCTTCTCG,l5,lanes_5-8,rep3-tx,58,15,singlet,rep3-tx,IFNg,IFNGR2
l5_GGACGTCGTAGAGTGC,l5,lanes_5-8,rep4-tx,160,1,singlet,rep4-tx,IFNg,CD86
l5_GGAGCAAGTTAGAACA,l5,lanes_5-8,rep4-tx,72,10,singlet,rep4-tx,IFNg,CMTM6
l5_GGCTGGTCAATAGAGT,l5,lanes_5-8,rep4-tx,348,8,singlet,rep4-tx,IFNg,STAT5A
l5_GGGTCTGAGCGATGAC,l5,lanes_5-8,rep4-tx,255,9,singlet,rep4-tx,IFNg,STAT5A
l5_GGGTTGCTCATGCTCC,l5,lanes_5-8,rep4-tx,375,12,singlet,rep4-tx,IFNg,NT
l5_GGGTTGCTCGTTACAG,l5,lanes_5-8,rep4-tx,206,14,singlet,rep4-tx,IFNg,NT
l5_GGTGAAGCATTCCTCG,l5,lanes_5-8,rep4-tx,115,5,singlet,rep4-tx,IFNg,NT
l5_GTAACGTCAAAGAATC,l5,lanes_5-8,rep3-tx,158,5,singlet,rep3-tx,IFNg,NT
l5_GTACTTTGTGGCTCCA,l5,lanes_5-8,rep3-tx,98,18,singlet,rep3-tx,IFNg,SPI1
l5_GTAGGCCCACACCGAC,l5,lanes_5-8,rep4-tx,89,5,singlet,rep4-tx,IFNg,ETV7
l5_GTATCTTGTCATCGGC,l5,lanes_5-8,rep4-tx,78,10,singlet,rep4-tx,IFNg,NT
l5_GTATTCTCACTGCCAG,l5,lanes_5-8,rep3-tx,143,9,singlet,rep3-tx,IFNg,STAT3
l5_GTCAAGTGTAGCACGA,l5,lanes_5-8,rep3-tx,49,6,singlet,rep3-tx,IFNg,CMTM6
l5_GTCACAAGTCTAGGTT,l5,lanes_5-8,rep4-tx,136,14,singlet,rep4-tx,IFNg,SMAD4
l5_GTCCTCAGTCTAACGT,l5,lanes_5-8,rep3-tx,138,18,singlet,rep3-tx,IFNg,TNFRSF14
l5_GTCGTAACAGACTCGC,l5,lanes_5-8,rep4-tx,201,9,singlet,rep4-tx,IFNg,IFNGR1
l5_GTCTCGTTCTACTCAT,l5,lanes_5-8,rep3-tx,117,18,singlet,rep3-tx,IFNg,CMTM6
l5_GTCTTCGAGGCGTACA,l5,lanes_5-8,rep3-tx,72,15,singlet,rep3-tx,IFNg,STAT1
l5_GTGAAGGTCCTGTAGA,l5,lanes_5-8,rep4-tx,109,4,singlet,rep4-tx,IFNg,JAK2
l5_GTGCAGCTCACTGGGC,l5,lanes_5-8,rep4-tx,404,10,singlet,rep4-tx,IFNg,IRF1
l5_GTGCATACAGTCTTCC,l5,lanes_5-8,rep3-tx,92,17,singlet,rep3-tx,IFNg,IFNGR1
l5_GTGCGGTTCCTTGCCA,l5,lanes_5-8,rep3-tx,56,15,singlet,rep3-tx,IFNg,NT
l5_GTGTTAGAGCAGCGTA,l5,lanes_5-8,rep4-tx,440,6,singlet,rep4-tx,IFNg,IRF1
l5_GTTAAGCTCCTCCTAG,l5,lanes_5-8,rep3-tx,108,11,singlet,rep3-tx,IFNg,CAV1
l5_GTTACAGAGAAACCGC,l5,lanes_5-8,rep4-tx,269,6,singlet,rep4-tx,IFNg,CAV1
l5_GTTCGGGGTGTAAGTA,l5,lanes_5-8,rep3-tx,65,14,singlet,rep3-tx,IFNg,IFNGR1
l5_GTTTCTACACGAGGTA,l5,lanes_5-8,rep4-tx,73,7,singlet,rep4-tx,IFNg,ATF2
l5_TAAACCGGTGGTCCGT,l5,lanes_5-8,rep4-tx,133,11,singlet,rep4-tx,IFNg,SMAD4
l5_TAAGAGAAGCACCGCT,l5,lanes_5-8,rep3-tx,63,11,singlet,rep3-tx,IFNg,PDCD1LG2
l5_TACGGTAAGCGATTCT,l5,lanes_5-8,rep4-tx,295,8,singlet,rep4-tx,IFNg,CD86
l5_TACTCGCGTCTCTTAT,l5,lanes_5-8,rep4-tx,137,8,singlet,rep4-tx,IFNg,NT
l5_TACTCGCTCTCGTATT,l5,lanes_5-8,rep3-tx,148,18,singlet,rep3-tx,IFNg,ATF2
l5_TACTTACCAGCCACCA,l5,lanes_5-8,rep3-tx,48,10,singlet,rep3-tx,IFNg,STAT5A
l5_TACTTGTTCCGTACAA,l5,lanes_5-8,rep3-tx,1161,21,singlet,rep3-tx,IFNg,CMTM6
l5_TAGAGCTCACGAAAGC,l5,lanes_5-8,rep3-tx,129,19,singlet,rep3-tx,IFNg,NFKBIA
l5_TCAACGAAGGCCGAAT,l5,lanes_5-8,rep4-tx,69,8,singlet,rep4-tx,IFNg,ambiguous
l5_TCAACGAAGTGTTTGC,l5,lanes_5-8,rep3-tx,598,17,singlet,rep3-tx,IFNg,IRF7
l5_TCAACGAGTACCGTAT,l5,lanes_5-8,rep3-tx,128,12,singlet,rep3-tx,IFNg,ETV7
l5_TCAACGAGTCCGAACC,l5,lanes_5-8,rep4-tx,242,6,singlet,rep4-tx,IFNg,SMAD4
l5_TCACAAGAGCCACGTC,l5,lanes_5-8,rep4-tx,142,13,singlet,rep4-tx,IFNg,CD86
l5_TCACGAAAGCTAGGCA,l5,lanes_5-8,rep3-tx,74,10,singlet,rep3-tx,IFNg,CMTM6
l5_TCAGATGAGTCAAGCG,l5,lanes_5-8,rep3-tx,51,10,singlet,rep3-tx,IFNg,IRF7
l5_TCAGATGTCTTTACAC,l5,lanes_5-8,rep4-tx,146,10,singlet,rep4-tx,IFNg,IFNGR1
l5_TCAGGATTCCAGAAGG,l5,lanes_5-8,rep3-tx,92,10,singlet,rep3-tx,IFNg,STAT1
l5_TCAGGTAAGCTTATCG,l5,lanes_5-8,rep3-tx,77,13,singlet,rep3-tx,IFNg,IFNGR1
l5_TCATTACTCAGTACGT,l5,lanes_5-8,rep4-tx,144,7,singlet,rep4-tx,IFNg,JAK2
l5_TCGCGAGCATGGGACA,l5,lanes_5-8,rep3-tx,145,11,singlet,rep3-tx,IFNg,ETV7
l5_TCGCGAGTCGAATCCA,l5,lanes_5-8,rep4-tx,122,12,singlet,rep4-tx,IFNg,UBE2L6
l5_TCGGTAACAAAGAATC,l5,lanes_5-8,rep4-tx,597,8,singlet,rep4-tx,IFNg,IRF1
l5_TCGTACCCAGCTGTTA,l5,lanes_5-8,rep3-tx,39,4,singlet,rep3-tx,IFNg,BRD4
l5_TCTATTGAGCAAATCA,l5,lanes_5-8,rep3-tx,143,6,singlet,rep3-tx,IFNg,NT
l5_TCTATTGAGCGTAATA,l5,lanes_5-8,rep3-tx,71,10,singlet,rep3-tx,IFNg,ETV7
l5_TCTGAGACAATTCCTT,l5,lanes_5-8,rep4-tx,122,3,singlet,rep4-tx,IFNg,SPI1
l5_TGAGCCGTCTGGCGAC,l5,lanes_5-8,rep4-tx,84,9,singlet,rep4-tx,IFNg,JAK2
l5_TGCACCTAGTATGACA,l5,lanes_5-8,rep3-tx,355,15,singlet,rep3-tx,IFNg,SPI1
l5_TGCCAAAAGATAGTCA,l5,lanes_5-8,rep3-tx,139,21,singlet,rep3-tx,IFNg,NT
l5_TGCCCATTCATGTCCC,l5,lanes_5-8,rep3-tx,77,14,singlet,rep3-tx,IFNg,BRD4
l5_TGCCCTACATACAGCT,l5,lanes_5-8,rep3-tx,86,19,singlet,rep3-tx,IFNg,CMTM6
l5_TGCGCAGCAAGTAGTA,l5,lanes_5-8,rep3-tx,150,18,singlet,rep3-tx,IFNg,BRD4
l5_TGCTACCTCCACGCAG,l5,lanes_5-8,rep3-tx,110,9,singlet,rep3-tx,IFNg,JAK2
l5_TGCTGCTCAGATTGCT,l5,lanes_5-8,rep4-tx,212,11,singlet,rep4-tx,IFNg,NFKBIA
l5_TGCTGCTTCATTCACT,l5,lanes_5-8,rep4-tx,152,9,singlet,rep4-tx,IFNg,ATF2
l5_TGGCGCAAGGAGCGTT,l5,lanes_5-8,rep3-tx,73,8,singlet,rep3-tx,IFNg,TNFRSF14
l5_TGGCTGGGTATGCTTG,l5,lanes_5-8,rep3-tx,65,7,singlet,rep3-tx,IFNg,CUL3
l5_TGGTTAGGTTAGGGTG,l5,lanes_5-8,rep3-tx,91,10,singlet,rep3-tx,IFNg,PDCD1LG2
l5_TTAGTTCGTCACTTCC,l5,lanes_5-8,rep4-tx,96,12,singlet,rep4-tx,IFNg,IFNGR2
l5_TTATGCTAGACTTTCG,l5,lanes_5-8,rep3-tx,84,14,singlet,rep3-tx,IFNg,CAV1
l5_TTATGCTAGCCGCCTA,l5,lanes_5-8,rep3-tx,184,10,singlet,rep3-tx,IFNg,STAT1
l5_TTATGCTAGTGAATTG,l5,lanes_5-8,rep3-tx,192,21,singlet,rep3-tx,IFNg,CD86
l5_TTCTACACACAGCCCA,l5,lanes_5-8,rep3-tx,50,15,singlet,rep3-tx,IFNg,IFNGR2
l5_TTCTACACATCCGTGG,l5,lanes_5-8,rep3-tx,243,16,singlet,rep3-tx,IFNg,ambiguous
l5_TTCTCAAGTTAAGGGC,l5,lanes_5-8,rep4-tx,342,10,singlet,rep4-tx,IFNg,NFKBIA
l5_TTTCCTCCACAGAGGT,l5,lanes_5-8,rep3-tx,99,12,singlet,rep3-tx,IFNg,UBE2L6
l5_TTTCCTCGTATAAACG,l5,lanes_5-8,rep3-tx,137,8,singlet,rep3-tx,IFNg,CUL3
l5_TTTGGTTTCACTTATC,l5,lanes_5-8,rep4-tx,287,9,singlet,rep4-tx,IFNg,CD86
l6_AAACGGGGTCTCGTTC,l6,lanes_5-8,rep3-tx,42,10,singlet,rep3-tx,IFNg,IFNGR1
l6_AAAGATGGTGCCTGGT,l6,lanes_5-8,rep3-tx,67,12,singlet,rep3-tx,IFNg,IFNGR2
l6_AAAGATGTCCGCGGTA,l6,lanes_5-8,rep4-tx,156,11,singlet,rep4-tx,IFNg,CAV1
l6_AAAGTAGAGATCTGCT,l6,lanes_5-8,rep4-tx,131,13,singlet,rep4-tx,IFNg,TNFRSF14
l6_AAAGTAGGTTGGTAAA,l6,lanes_5-8,rep4-tx,236,5,singlet,rep4-tx,IFNg,MARCH8
l6_AAATGCCCAAACTGTC,l6,lanes_5-8,rep4-tx,254,14,singlet,rep4-tx,IFNg,ETV7
l6_AACGTTGGTCAAAGCG,l6,lanes_5-8,rep3-tx,317,20,singlet,rep3-tx,IFNg,ATF2
l6_AACGTTGTCGTCCAGG,l6,lanes_5-8,rep4-tx,141,6,singlet,rep4-tx,IFNg,CAV1
l6_AACTCCCAGCTACCGC,l6,lanes_5-8,rep3-tx,45,14,singlet,rep3-tx,IFNg,PDCD1LG2
l6_AACTCCCTCTAACCGA,l6,lanes_5-8,rep4-tx,88,7,singlet,rep4-tx,IFNg,ambiguous
l6_AACTGGTGTTCGGGCT,l6,lanes_5-8,rep4-tx,59,11,singlet,rep4-tx,IFNg,IFNGR1
l6_AACTTTCTCTGGTATG,l6,lanes_5-8,rep4-tx,215,10,singlet,rep4-tx,IFNg,NT
l6_AATCCAGGTCGAACAG,l6,lanes_5-8,rep4-tx,355,7,singlet,rep4-tx,IFNg,NFKBIA
l6_ACACCCTCAGTGAGTG,l6,lanes_5-8,rep3-tx,150,15,singlet,rep3-tx,IFNg,NFKBIA
l6_ACACCCTTCAGCATGT,l6,lanes_5-8,rep3-tx,66,12,singlet,rep3-tx,IFNg,ETV7
l6_ACACCGGAGACATAAC,l6,lanes_5-8,rep3-tx,125,11,singlet,rep3-tx,IFNg,ETV7
l6_ACACCGGAGAGGTTGC,l6,lanes_5-8,rep3-tx,94,11,singlet,rep3-tx,IFNg,IFNGR1
l6_ACATGGTAGAGGTTAT,l6,lanes_5-8,rep4-tx,92,3,singlet,rep4-tx,IFNg,POU2F2
l6_ACCCACTAGACTGTAA,l6,lanes_5-8,rep3-tx,105,10,singlet,rep3-tx,IFNg,MARCH8
l6_ACGATACAGTGAACAT,l6,lanes_5-8,rep3-tx,135,16,singlet,rep3-tx,IFNg,JAK2
l6_ACGATACCAAATCCGT,l6,lanes_5-8,rep4-tx,178,8,singlet,rep4-tx,IFNg,NT
l6_ACGATACGTAATAGCA,l6,lanes_5-8,rep4-tx,169,6,singlet,rep4-tx,IFNg,STAT2
l6_ACGATGTCACCGAATT,l6,lanes_5-8,rep3-tx,294,12,singlet,rep3-tx,IFNg,TNFRSF14
l6_ACGATGTTCCTGTAGA,l6,lanes_5-8,rep4-tx,108,6,singlet,rep4-tx,IFNg,CAV1
l6_ACGCCAGAGTCGTACT,l6,lanes_5-8,rep4-tx,108,8,singlet,rep4-tx,IFNg,NT
l6_ACGCCGAAGTTGAGAT,l6,lanes_5-8,rep3-tx,90,7,singlet,rep3-tx,IFNg,BRD4
l6_ACGCCGATCATTCACT,l6,lanes_5-8,rep4-tx,137,6,singlet,rep4-tx,IFNg,SMAD4
l6_ACGGAGAGTCCAGTAT,l6,lanes_5-8,rep4-tx,169,5,singlet,rep4-tx,IFNg,IRF1
l6_ACGGGCTCACCTCGTT,l6,lanes_5-8,rep4-tx,251,7,singlet,rep4-tx,IFNg,SMAD4
l6_ACGGGCTGTTATTCTC,l6,lanes_5-8,rep4-tx,252,7,singlet,rep4-tx,IFNg,IFNGR1
l6_ACGGGTCAGATCCCAT,l6,lanes_5-8,rep4-tx,217,5,singlet,rep4-tx,IFNg,POU2F2
l6_ACGGGTCCATTCACTT,l6,lanes_5-8,rep3-tx,148,22,singlet,rep3-tx,IFNg,CAV1
l6_ACGGGTCTCCGAATGT,l6,lanes_5-8,rep3-tx,88,5,singlet,rep3-tx,IFNg,IFNGR2
l6_ACTGAACCAATCACAC,l6,lanes_5-8,rep4-tx,192,7,singlet,rep4-tx,IFNg,CD86
l6_ACTGAACTCAGTTAGC,l6,lanes_5-8,rep3-tx,115,20,singlet,rep3-tx,IFNg,ATF2
l6_ACTGAACTCGAATCCA,l6,lanes_5-8,rep4-tx,432,7,singlet,rep4-tx,IFNg,STAT5A
l6_ACTGAGTTCTTTCCTC,l6,lanes_5-8,rep4-tx,179,11,singlet,rep4-tx,IFNg,SMAD4
l6_AGACGTTGTCTCCCTA,l6,lanes_5-8,rep4-tx,85,12,singlet,rep4-tx,IFNg,BRD4
l6_AGACGTTGTTAGATGA,l6,lanes_5-8,rep3-tx,74,9,singlet,rep3-tx,IFNg,IFNGR2
l6_AGAGTGGGTAAATGAC,l6,lanes_5-8,rep3-tx,135,9,singlet,rep3-tx,IFNg,IFNGR1
l6_AGATCTGGTGGAAAGA,l6,lanes_5-8,rep4-tx,237,3,singlet,rep4-tx,IFNg,CUL3
l6_AGATCTGTCCAACCAA,l6,lanes_5-8,rep4-tx,36,4,singlet,rep4-tx,IFNg,MARCH8
l6_AGCTCCTGTCCGAAGA,l6,lanes_5-8,rep3-tx,97,12,singlet,rep3-tx,IFNg,IFNGR2
l6_AGCTCTCAGCAGCCTC,l6,lanes_5-8,rep4-tx,363,11,singlet,rep4-tx,IFNg,ETV7
l6_AGCTCTCTCCGCAGTG,l6,lanes_5-8,rep4-tx,140,10,singlet,rep4-tx,IFNg,NT
l6_AGCTTGACAGTTCATG,l6,lanes_5-8,rep3-tx,72,20,singlet,rep3-tx,IFNg,CD86
l6_AGCTTGAGTCCTCCAT,l6,lanes_5-8,rep3-tx,233,16,singlet,rep3-tx,IFNg,CD86
l6_AGGGAGTCAGTACACT,l6,lanes_5-8,rep4-tx,64,1,singlet,rep4-tx,IFNg,POU2F2
l6_AGGGATGCAGATCTGT,l6,lanes_5-8,rep4-tx,315,5,singlet,rep4-tx,IFNg,CMTM6
l6_AGGGATGGTCTAGCCG,l6,lanes_5-8,rep4-tx,147,7,singlet,rep4-tx,IFNg,NT
l6_AGGGATGGTGTTAAGA,l6,lanes_5-8,rep3-tx,36,7,singlet,rep3-tx,IFNg,TNFRSF14
l6_AGGGTGATCCCTCAGT,l6,lanes_5-8,rep3-tx,50,15,singlet,rep3-tx,IFNg,SMAD4
l6_AGGTCATCATTCGACA,l6,lanes_5-8,rep3-tx,44,6,singlet,rep3-tx,IFNg,CD86
l6_AGTAGTCAGCGCCTCA,l6,lanes_5-8,rep4-tx,213,8,singlet,rep4-tx,IFNg,CMTM6
l6_AGTAGTCGTATGAATG,l6,lanes_5-8,rep3-tx,265,12,singlet,rep3-tx,IFNg,NT
l6_AGTAGTCTCACTTCAT,l6,lanes_5-8,rep3-tx,23,5,singlet,rep3-tx,IFNg,IFNGR1
l6_AGTCTTTGTGCACGAA,l6,lanes_5-8,rep3-tx,68,16,singlet,rep3-tx,IFNg,CD86
l6_ATAACGCCAATGCCAT,l6,lanes_5-8,rep3-tx,121,13,singlet,rep3-tx,IFNg,NT
l6_ATAACGCGTTCCCGAG,l6,lanes_5-8,rep3-tx,19,4,singlet,rep3-tx,IFNg,NT
l6_ATAGACCAGTTCGCAT,l6,lanes_5-8,rep3-tx,177,14,singlet,rep3-tx,IFNg,NT
l6_ATCACGATCTCGTATT,l6,lanes_5-8,rep4-tx,1103,9,singlet,rep4-tx,IFNg,IFNGR2
l6_ATCATCTTCTTTAGGG,l6,lanes_5-8,rep4-tx,283,6,singlet,rep4-tx,IFNg,IFNGR1
l6_ATCTGCCAGTTATCGC,l6,lanes_5-8,rep4-tx,690,12,singlet,rep4-tx,IFNg,ATF2
l6_ATCTGCCGTGATGCCC,l6,lanes_5-8,rep4-tx,196,7,singlet,rep4-tx,IFNg,JAK2
l6_ATGGGAGAGCGTTGCC,l6,lanes_5-8,rep3-tx,72,17,singlet,rep3-tx,IFNg,UBE2L6
l6_ATGGGAGCACGCATCG,l6,lanes_5-8,rep4-tx,99,3,singlet,rep4-tx,IFNg,STAT5A
l6_ATTGGACTCGAGAGCA,l6,lanes_5-8,rep4-tx,94,6,singlet,rep4-tx,IFNg,IFNGR2
l6_ATTTCTGTCTCCGGTT,l6,lanes_5-8,rep4-tx,139,11,singlet,rep4-tx,IFNg,STAT1
l6_CAACCAAAGCCACGCT,l6,lanes_5-8,rep3-tx,69,11,singlet,rep3-tx,IFNg,IFNGR2
l6_CAACCTCTCTTGTACT,l6,lanes_5-8,rep4-tx,135,9,singlet,rep4-tx,IFNg,IFNGR2
l6_CAAGGCCTCGTAGGTT,l6,lanes_5-8,rep3-tx,105,17,singlet,rep3-tx,IFNg,CMTM6
l6_CAAGTTGGTAGCCTAT,l6,lanes_5-8,rep4-tx,270,5,singlet,rep4-tx,IFNg,MARCH8
l6_CAAGTTGTCTTCAACT,l6,lanes_5-8,rep3-tx,54,16,singlet,rep3-tx,IFNg,ATF2
l6_CACAAACCACAGACAG,l6,lanes_5-8,rep4-tx,474,8,singlet,rep4-tx,IFNg,UBE2L6
l6_CACACCTAGTAACCCT,l6,lanes_5-8,rep3-tx,116,11,singlet,rep3-tx,IFNg,NT
l6_CACAGGCCACTGCCAG,l6,lanes_5-8,rep3-tx,160,15,singlet,rep3-tx,IFNg,MYC
l6_CACAGTAAGGCAGTCA,l6,lanes_5-8,rep3-tx,98,20,singlet,rep3-tx,IFNg,JAK2
l6_CACCACTTCTCGATGA,l6,lanes_5-8,rep3-tx,63,13,singlet,rep3-tx,IFNg,NT
l6_CACCAGGAGAGCAATT,l6,lanes_5-8,rep3-tx,89,8,singlet,rep3-tx,IFNg,JAK2
l6_CACCAGGAGCCTATGT,l6,lanes_5-8,rep4-tx,260,12,singlet,rep4-tx,IFNg,NT
l6_CAGAATCGTATAGTAG,l6,lanes_5-8,rep3-tx,130,21,singlet,rep3-tx,IFNg,STAT5A
l6_CAGAATCTCTCCGGTT,l6,lanes_5-8,rep4-tx,93,5,singlet,rep4-tx,IFNg,CD86
l6_CAGCAGCCAGCTGGCT,l6,lanes_5-8,rep3-tx,151,17,singlet,rep3-tx,IFNg,MARCH8
l6_CAGCCGAAGGTGGGTT,l6,lanes_5-8,rep3-tx,130,17,singlet,rep3-tx,IFNg,CAV1
l6_CAGCGACGTATAGGGC,l6,lanes_5-8,rep3-tx,145,10,singlet,rep3-tx,IFNg,POU2F2
l6_CAGCTAAAGTGAATTG,l6,lanes_5-8,rep3-tx,68,19,singlet,rep3-tx,IFNg,NFKBIA
l6_CATATTCGTCCGTGAC,l6,lanes_5-8,rep4-tx,668,5,singlet,rep4-tx,IFNg,PDCD1LG2
l6_CATATTCTCCGTAGGC,l6,lanes_5-8,rep4-tx,272,11,singlet,rep4-tx,IFNg,MARCH8
l6_CATCGAAAGCCACTAT,l6,lanes_5-8,rep3-tx,138,8,singlet,rep3-tx,IFNg,IFNGR2
l6_CATCGGGTCTTGCCGT,l6,lanes_5-8,rep3-tx,126,8,singlet,rep3-tx,IFNg,POU2F2
l6_CATGCCTAGGTGATAT,l6,lanes_5-8,rep4-tx,436,5,singlet,rep4-tx,IFNg,STAT2
l6_CATTATCCATTTGCCC,l6,lanes_5-8,rep4-tx,122,7,singlet,rep4-tx,IFNg,JAK2
l6_CATTCGCGTAAGAGGA,l6,lanes_5-8,rep4-tx,376,9,singlet,rep4-tx,IFNg,STAT1
l6_CATTCGCGTTATTCTC,l6,lanes_5-8,rep3-tx,60,17,singlet,rep3-tx,IFNg,CD86
l6_CCGGGATTCAACCAAC,l6,lanes_5-8,rep4-tx,152,10,singlet,rep4-tx,IFNg,BRD4
l6_CCGGTAGTCACAATGC,l6,lanes_5-8,rep3-tx,120,13,singlet,rep3-tx,IFNg,IFNGR2
l6_CCTAAAGGTCTAGAGG,l6,lanes_5-8,rep4-tx,147,7,singlet,rep4-tx,IFNg,IFNGR1
l6_CCTCAGTCATATGCTG,l6,lanes_5-8,rep3-tx,102,15,singlet,rep3-tx,IFNg,CAV1
l6_CCTCTGAGTATCGCAT,l6,lanes_5-8,rep3-tx,97,11,singlet,rep3-tx,IFNg,NFKBIA
l6_CCTTCCCAGCCCAACC,l6,lanes_5-8,rep3-tx,575,9,singlet,rep3-tx,IFNg,IFNGR1
l6_CCTTTCTGTTATCCGA,l6,lanes_5-8,rep4-tx,89,2,singlet,rep4-tx,IFNg,MARCH8
l6_CGAATGTCATGTTGAC,l6,lanes_5-8,rep3-tx,109,7,singlet,rep3-tx,IFNg,NT
l6_CGACCTTAGCCAGGAT,l6,lanes_5-8,rep4-tx,765,9,singlet,rep4-tx,IFNg,NT
l6_CGACTTCGTCCAGTAT,l6,lanes_5-8,rep3-tx,121,12,singlet,rep3-tx,IFNg,IRF7
l6_CGACTTCTCTGTCCGT,l6,lanes_5-8,rep3-tx,397,8,singlet,rep3-tx,IFNg,BRD4
l6_CGAGCCAAGTAAGTAC,l6,lanes_5-8,rep3-tx,55,12,singlet,rep3-tx,IFNg,ATF2
l6_CGAGCCACAATCAGAA,l6,lanes_5-8,rep3-tx,60,14,singlet,rep3-tx,IFNg,TNFRSF14
l6_CGATCGGTCCTTTCTC,l6,lanes_5-8,rep3-tx,46,9,singlet,rep3-tx,IFNg,UBE2L6
l6_CGATTGACAAGGGTCA,l6,lanes_5-8,rep3-tx,47,2,singlet,rep3-tx,IFNg,JAK2
l6_CGCCAAGGTACAAGTA,l6,lanes_5-8,rep4-tx,202,11,singlet,rep4-tx,IFNg,CD86
l6_CGCGGTAAGACTGGGT,l6,lanes_5-8,rep4-tx,50,3,singlet,rep4-tx,IFNg,JAK2
l6_CGCTATCGTCAGATAA,l6,lanes_5-8,rep4-tx,365,4,singlet,rep4-tx,IFNg,TNFRSF14
l6_CGCTGGATCGGAGGTA,l6,lanes_5-8,rep3-tx,38,11,singlet,rep3-tx,IFNg,CMTM6
l6_CGCTTCAGTGTGGTTT,l6,lanes_5-8,rep3-tx,78,7,singlet,rep3-tx,IFNg,CMTM6
l6_CGGACGTCACCGTTGG,l6,lanes_5-8,rep4-tx,75,6,singlet,rep4-tx,IFNg,CAV1
l6_CGGACTGAGTGTACGG,l6,lanes_5-8,rep3-tx,155,19,singlet,rep3-tx,IFNg,JAK2
l6_CGGACTGGTCGCATCG,l6,lanes_5-8,rep3-tx,185,19,singlet,rep3-tx,IFNg,POU2F2
l6_CGGAGCTCACTTACGA,l6,lanes_5-8,rep3-tx,111,17,singlet,rep3-tx,IFNg,ETV7
l6_CGGAGTCTCAGCGATT,l6,lanes_5-8,rep3-tx,79,8,singlet,rep3-tx,IFNg,STAT3
l6_CGGCTAGCAGCCTATA,l6,lanes_5-8,rep3-tx,49,9,singlet,rep3-tx,IFNg,NT
l6_CGTAGCGAGATACACA,l6,lanes_5-8,rep3-tx,45,14,singlet,rep3-tx,IFNg,IFNGR2
l6_CGTAGGCAGGCAGGTT,l6,lanes_5-8,rep4-tx,239,11,singlet,rep4-tx,IFNg,IRF7
l6_CGTCAGGAGTGGGATC,l6,lanes_5-8,rep4-tx,253,7,singlet,rep4-tx,IFNg,STAT2
l6_CGTGAGCAGTGTTAGA,l6,lanes_5-8,rep4-tx,194,8,singlet,rep4-tx,IFNg,NT
l6_CGTGAGCTCACCCTCA,l6,lanes_5-8,rep4-tx,86,11,singlet,rep4-tx,IFNg,SMAD4
l6_CGTGTCTAGTAATCCC,l6,lanes_5-8,rep3-tx,32,5,singlet,rep3-tx,IFNg,UBE2L6
l6_CGTTAGAGTCTACCTC,l6,lanes_5-8,rep4-tx,165,9,singlet,rep4-tx,IFNg,ATF2
l6_CTACACCTCCGCGTTT,l6,lanes_5-8,rep4-tx,229,9,singlet,rep4-tx,IFNg,MYC
l6_CTAGAGTAGGAGTCTG,l6,lanes_5-8,rep4-tx,47,5,singlet,rep4-tx,IFNg,IFNGR1
l6_CTCCTAGGTGCGCTTG,l6,lanes_5-8,rep4-tx,167,11,singlet,rep4-tx,IFNg,PDCD1LG2
l6_CTCCTAGGTGCTCTTC,l6,lanes_5-8,rep4-tx,205,10,singlet,rep4-tx,IFNg,SPI1
l6_CTCGGAGCATGACATC,l6,lanes_5-8,rep4-tx,275,7,singlet,rep4-tx,IFNg,ATF2
l6_CTCGTACAGACGCACA,l6,lanes_5-8,rep3-tx,137,9,singlet,rep3-tx,IFNg,IFNGR1
l6_CTCGTACGTACTCGCG,l6,lanes_5-8,rep4-tx,121,8,singlet,rep4-tx,IFNg,STAT2
l6_CTCTGGTTCGCGGATC,l6,lanes_5-8,rep3-tx,241,10,singlet,rep3-tx,IFNg,UBE2L6
l6_CTGAAACCACACCGAC,l6,lanes_5-8,rep4-tx,177,10,singlet,rep4-tx,IFNg,SMAD4
l6_CTGAAACGTGAGGCTA,l6,lanes_5-8,rep4-tx,70,7,singlet,rep4-tx,IFNg,CAV1
l6_CTGAAGTCACTACAGT,l6,lanes_5-8,rep3-tx,107,19,singlet,rep3-tx,IFNg,PDCD1LG2
l6_CTGAAGTGTTGGACCC,l6,lanes_5-8,rep4-tx,143,4,singlet,rep4-tx,IFNg,CMTM6
l6_CTGCCTACAGTCACTA,l6,lanes_5-8,rep4-tx,103,10,singlet,rep4-tx,IFNg,IRF7
l6_CTGCTGTAGCCACCTG,l6,lanes_5-8,rep4-tx,200,7,singlet,rep4-tx,IFNg,UBE2L6
l6_CTGGTCTCAGGAATGC,l6,lanes_5-8,rep4-tx,100,9,singlet,rep4-tx,IFNg,ETV7
l6_CTGTGCTCAGCGTTCG,l6,lanes_5-8,rep3-tx,145,12,singlet,rep3-tx,IFNg,IRF7
l6_CTTACCGTCGTCCGTT,l6,lanes_5-8,rep3-tx,38,10,singlet,rep3-tx,IFNg,IFNGR2
l6_CTTAGGAAGAATGTGT,l6,lanes_5-8,rep3-tx,66,14,singlet,rep3-tx,IFNg,NT
l6_CTTAGGAAGGTCGGAT,l6,lanes_5-8,rep3-tx,210,17,singlet,rep3-tx,IFNg,STAT3
l6_CTTAGGATCGGTGTCG,l6,lanes_5-8,rep4-tx,184,9,singlet,rep4-tx,IFNg,CMTM6
l6_CTTCTCTGTGGTACAG,l6,lanes_5-8,rep4-tx,224,9,singlet,rep4-tx,IFNg,IRF1
l6_CTTGGCTCAGTCAGCC,l6,lanes_5-8,rep4-tx,74,9,singlet,rep4-tx,IFNg,IRF1
l6_CTTTGCGAGGACATTA,l6,lanes_5-8,rep3-tx,97,9,singlet,rep3-tx,IFNg,CD86
l6_CTTTGCGTCACGATGT,l6,lanes_5-8,rep3-tx,66,15,singlet,rep3-tx,IFNg,STAT5A
l6_GAAACTCAGTTACGGG,l6,lanes_5-8,rep4-tx,207,7,singlet,rep4-tx,IFNg,STAT1
l6_GAAATGAGTGGGTATG,l6,lanes_5-8,rep4-tx,77,13,singlet,rep4-tx,IFNg,JAK2
l6_GAACCTAGTGTGGTTT,l6,lanes_5-8,rep3-tx,254,11,singlet,rep3-tx,IFNg,IRF1
l6_GAACCTATCAACGGGA,l6,lanes_5-8,rep4-tx,263,14,singlet,rep4-tx,IFNg,POU2F2
l6_GACAGAGGTGTTGGGA,l6,lanes_5-8,rep4-tx,525,14,singlet,rep4-tx,IFNg,NT
l6_GACGCGTTCAAGCCTA,l6,lanes_5-8,rep3-tx,68,12,singlet,rep3-tx,IFNg,CD86
l6_GACGGCTGTGAGTATA,l6,lanes_5-8,rep3-tx,463,15,singlet,rep3-tx,IFNg,CD86
l6_GACTAACCAAAGGAAG,l6,lanes_5-8,rep4-tx,395,6,singlet,rep4-tx,IFNg,ATF2
l6_GACTGCGCATTTCAGG,l6,lanes_5-8,rep4-tx,144,11,singlet,rep4-tx,IFNg,IRF1
l6_GATCGATAGCAGGCTA,l6,lanes_5-8,rep3-tx,142,15,singlet,rep3-tx,IFNg,CMTM6
l6_GATCGCGAGACAGGCT,l6,lanes_5-8,rep4-tx,269,14,singlet,rep4-tx,IFNg,IRF1
l6_GCAAACTAGTCGTTTG,l6,lanes_5-8,rep3-tx,109,17,singlet,rep3-tx,IFNg,SMAD4
l6_GCAAACTGTACCGTTA,l6,lanes_5-8,rep4-tx,124,8,singlet,rep4-tx,IFNg,JAK2
l6_GCACATAAGGCGCTCT,l6,lanes_5-8,rep3-tx,89,12,singlet,rep3-tx,IFNg,MARCH8
l6_GCACTCTAGTTGAGTA,l6,lanes_5-8,rep4-tx,130,8,singlet,rep4-tx,IFNg,NFKBIA
l6_GCAGCCATCCGTACAA,l6,lanes_5-8,rep3-tx,84,9,singlet,rep3-tx,IFNg,IRF7
l6_GCATGATGTACCGTTA,l6,lanes_5-8,rep3-tx,95,6,singlet,rep3-tx,IFNg,ETV7
l6_GCGACCAGTTGTGGCC,l6,lanes_5-8,rep3-tx,90,16,singlet,rep3-tx,IFNg,CAV1
l6_GCGCAACCAGGTCTCG,l6,lanes_5-8,rep4-tx,63,12,singlet,rep4-tx,IFNg,MARCH8
l6_GCGCAACGTCCATGAT,l6,lanes_5-8,rep3-tx,55,13,singlet,rep3-tx,IFNg,UBE2L6
l6_GCGCCAAAGACAAGCC,l6,lanes_5-8,rep4-tx,256,10,singlet,rep4-tx,IFNg,ATF2
l6_GCGGGTTCACCTCGTT,l6,lanes_5-8,rep4-tx,288,10,singlet,rep4-tx,IFNg,IRF1
l6_GCGGGTTTCACGGTTA,l6,lanes_5-8,rep4-tx,169,7,singlet,rep4-tx,IFNg,JAK2
l6_GCTCCTATCAACTCTT,l6,lanes_5-8,rep4-tx,97,7,singlet,rep4-tx,IFNg,IRF7
l6_GCTTGAATCATCTGCC,l6,lanes_5-8,rep3-tx,156,13,singlet,rep3-tx,IFNg,MYC
l6_GGAATAATCTCTTGAT,l6,lanes_5-8,rep4-tx,149,7,singlet,rep4-tx,IFNg,CMTM6
l6_GGACAAGTCGACAGCC,l6,lanes_5-8,rep3-tx,369,19,singlet,rep3-tx,IFNg,NT
l6_GGACAGAGTCAAAGCG,l6,lanes_5-8,rep4-tx,445,6,singlet,rep4-tx,IFNg,CMTM6
l6_GGACGTCAGGGATCTG,l6,lanes_5-8,rep3-tx,54,16,singlet,rep3-tx,IFNg,STAT2
l6_GGACGTCAGGTGTTAA,l6,lanes_5-8,rep4-tx,121,7,singlet,rep4-tx,IFNg,JAK2
l6_GGATGTTGTCACAAGG,l6,lanes_5-8,rep3-tx,125,15,singlet,rep3-tx,IFNg,ATF2
l6_GGCGACTGTTGGAGGT,l6,lanes_5-8,rep3-tx,211,17,singlet,rep3-tx,IFNg,CAV1
l6_GGCTCGAAGCGATAGC,l6,lanes_5-8,rep3-tx,125,16,singlet,rep3-tx,IFNg,IFNGR1
l6_GGGAATGGTGAAGGCT,l6,lanes_5-8,rep4-tx,120,5,singlet,rep4-tx,IFNg,POU2F2
l6_GGGAATGTCAAACCAC,l6,lanes_5-8,rep4-tx,115,2,singlet,rep4-tx,IFNg,IRF1
l6_GGGACCTTCGGCGCAT,l6,lanes_5-8,rep3-tx,100,14,singlet,rep3-tx,IFNg,IRF7
l6_GGGAGATGTCTGGAGA,l6,lanes_5-8,rep4-tx,154,4,singlet,rep4-tx,IFNg,NT
l6_GGGCACTAGACGACGT,l6,lanes_5-8,rep4-tx,91,3,singlet,rep4-tx,IFNg,ETV7
l6_GGGTCTGAGTGAACAT,l6,lanes_5-8,rep3-tx,72,12,singlet,rep3-tx,IFNg,CUL3
l6_GGTATTGCATTCCTCG,l6,lanes_5-8,rep4-tx,288,13,singlet,rep4-tx,IFNg,PDCD1LG2
l6_GTAACTGCAGCTGTTA,l6,lanes_5-8,rep3-tx,40,13,singlet,rep3-tx,IFNg,POU2F2
l6_GTACTCCTCAGCACAT,l6,lanes_5-8,rep3-tx,61,9,singlet,rep3-tx,IFNg,POU2F2
l6_GTACTTTCATCCAACA,l6,lanes_5-8,rep4-tx,1038,11,singlet,rep4-tx,IFNg,NT
l6_GTAGGCCCATGATCCA,l6,lanes_5-8,rep4-tx,250,5,singlet,rep4-tx,IFNg,PDCD1LG2
l6_GTAGTCAGTAACGCGA,l6,lanes_5-8,rep3-tx,103,13,singlet,rep3-tx,IFNg,STAT2
l6_GTATTCTGTTCACGGC,l6,lanes_5-8,rep3-tx,149,14,singlet,rep3-tx,IFNg,PDCD1LG2
l6_GTCACAAGTAGAGTGC,l6,lanes_5-8,rep3-tx,99,19,singlet,rep3-tx,IFNg,JAK2
l6_GTCGTAATCGTAGGAG,l6,lanes_5-8,rep4-tx,43,1,singlet,rep4-tx,IFNg,IFNGR1
l6_GTCTCGTTCCACTGGG,l6,lanes_5-8,rep4-tx,73,4,singlet,rep4-tx,IFNg,PDCD1LG2
l6_GTGCAGCAGAGTCTGG,l6,lanes_5-8,rep4-tx,117,10,singlet,rep4-tx,IFNg,IFNGR1
l6_GTGCAGCCAATAGCAA,l6,lanes_5-8,rep3-tx,100,14,singlet,rep3-tx,IFNg,NT
l6_GTGCAGCTCGCTAGCG,l6,lanes_5-8,rep4-tx,58,4,singlet,rep4-tx,IFNg,IRF7
l6_GTGCAGCTCGGATGTT,l6,lanes_5-8,rep4-tx,93,9,singlet,rep4-tx,IFNg,IFNGR2
l6_GTGCATACACGCATCG,l6,lanes_5-8,rep3-tx,245,17,singlet,rep3-tx,IFNg,NFKBIA
l6_GTGGGTCGTTTCGCTC,l6,lanes_5-8,rep3-tx,44,10,singlet,rep3-tx,IFNg,MARCH8
l6_GTGGGTCTCTTACCGC,l6,lanes_5-8,rep4-tx,146,9,singlet,rep4-tx,IFNg,NFKBIA
l6_GTGTGCGAGACTAAGT,l6,lanes_5-8,rep4-tx,48,8,singlet,rep4-tx,IFNg,JAK2
l6_GTGTGCGTCCAAGCCG,l6,lanes_5-8,rep4-tx,130,8,singlet,rep4-tx,IFNg,TNFRSF14
l6_GTGTTAGGTCCAACTA,l6,lanes_5-8,rep3-tx,121,5,singlet,rep3-tx,IFNg,IRF1
l6_GTTACAGCAAACTGTC,l6,lanes_5-8,rep4-tx,146,10,singlet,rep4-tx,IFNg,JAK2
l6_GTTCATTCACCGTTGG,l6,lanes_5-8,rep4-tx,350,6,singlet,rep4-tx,IFNg,ETV7
l6_GTTCGGGAGAAACCGC,l6,lanes_5-8,rep3-tx,139,15,singlet,rep3-tx,IFNg,IFNGR1
l6_GTTCTCGAGGTGTGGT,l6,lanes_5-8,rep4-tx,145,6,singlet,rep4-tx,IFNg,POU2F2
l6_TAAGCGTAGCCCAGCT,l6,lanes_5-8,rep3-tx,48,13,singlet,rep3-tx,IFNg,TNFRSF14
l6_TACCTTAAGTCTCCTC,l6,lanes_5-8,rep3-tx,108,13,singlet,rep3-tx,IFNg,BRD4
l6_TACTCATCACTACAGT,l6,lanes_5-8,rep3-tx,219,22,singlet,rep3-tx,IFNg,POU2F2
l6_TACTCGCAGACGCAAC,l6,lanes_5-8,rep4-tx,193,10,singlet,rep4-tx,IFNg,ATF2
l6_TACTCGCAGCTAGTCT,l6,lanes_5-8,rep4-tx,320,7,singlet,rep4-tx,IFNg,TNFRSF14
l6_TACTTGTCATGCTAGT,l6,lanes_5-8,rep3-tx,206,13,singlet,rep3-tx,IFNg,NT
l6_TAGAGCTAGCCACTAT,l6,lanes_5-8,rep4-tx,226,14,singlet,rep4-tx,IFNg,NT
l6_TAGAGCTGTTCAGTAC,l6,lanes_5-8,rep4-tx,185,4,singlet,rep4-tx,IFNg,NT
l6_TATCAGGAGTCTCGGC,l6,lanes_5-8,rep3-tx,74,14,singlet,rep3-tx,IFNg,STAT2
l6_TATCTCAGTATGGTTC,l6,lanes_5-8,rep3-tx,66,15,singlet,rep3-tx,IFNg,NT
l6_TATTACCGTCCGAACC,l6,lanes_5-8,rep4-tx,471,10,singlet,rep4-tx,IFNg,STAT5A
l6_TCAATCTGTCTGGAGA,l6,lanes_5-8,rep3-tx,104,7,singlet,rep3-tx,IFNg,MARCH8
l6_TCAGCTCGTATGAAAC,l6,lanes_5-8,rep4-tx,200,6,singlet,rep4-tx,IFNg,CAV1
l6_TCAGCTCTCCTCCTAG,l6,lanes_5-8,rep3-tx,108,10,singlet,rep3-tx,IFNg,IFNGR1
l6_TCAGCTCTCGTGACAT,l6,lanes_5-8,rep4-tx,46,7,singlet,rep4-tx,IFNg,IFNGR2
l6_TCGCGTTAGTGAAGTT,l6,lanes_5-8,rep4-tx,1898,9,singlet,rep4-tx,IFNg,ATF2
l6_TCGGGACCAGGAACGT,l6,lanes_5-8,rep3-tx,45,4,singlet,rep3-tx,IFNg,IRF7
l6_TCGGGACTCCAGTATG,l6,lanes_5-8,rep3-tx,48,4,singlet,rep3-tx,IFNg,STAT2
l6_TCGGTAAAGAGTACCG,l6,lanes_5-8,rep3-tx,73,11,singlet,rep3-tx,IFNg,CD86
l6_TCTGAGAAGATAGGAG,l6,lanes_5-8,rep4-tx,478,8,singlet,rep4-tx,IFNg,ATF2
l6_TCTGAGAGTGGAAAGA,l6,lanes_5-8,rep3-tx,173,13,singlet,rep3-tx,IFNg,ETV7
l6_TCTGGAATCAGCCTAA,l6,lanes_5-8,rep3-tx,32,9,singlet,rep3-tx,IFNg,CD86
l6_TCTTTCCAGTGTTGAA,l6,lanes_5-8,rep4-tx,138,5,singlet,rep4-tx,IFNg,NT
l6_TGACTAGTCACTCCTG,l6,lanes_5-8,rep4-tx,206,2,singlet,rep4-tx,IFNg,CUL3
l6_TGACTTTCAATAGCAA,l6,lanes_5-8,rep4-tx,136,13,singlet,rep4-tx,IFNg,IRF7
l6_TGACTTTCAGGTTTCA,l6,lanes_5-8,rep4-tx,73,9,singlet,rep4-tx,IFNg,JAK2
l6_TGAGAGGAGCTAGTCT,l6,lanes_5-8,rep3-tx,36,10,singlet,rep3-tx,IFNg,IFNGR1
l6_TGAGAGGGTAGTAGTA,l6,lanes_5-8,rep4-tx,142,5,singlet,rep4-tx,IFNg,MYC
l6_TGAGCATAGGCTAGCA,l6,lanes_5-8,rep4-tx,153,5,singlet,rep4-tx,IFNg,IFNGR1
l6_TGAGCCGCATATGGTC,l6,lanes_5-8,rep3-tx,89,12,singlet,rep3-tx,IFNg,ATF2
l6_TGAGGGAGTGAGGGTT,l6,lanes_5-8,rep3-tx,131,7,singlet,rep3-tx,IFNg,CAV1
l6_TGATTTCGTGCTCTTC,l6,lanes_5-8,rep3-tx,345,10,singlet,rep3-tx,IFNg,ATF2
l6_TGCCAAAGTTGCTCCT,l6,lanes_5-8,rep4-tx,50,3,singlet,rep4-tx,IFNg,STAT5A
l6_TGCGGGTAGCCAGAAC,l6,lanes_5-8,rep4-tx,169,14,singlet,rep4-tx,IFNg,NT
l6_TGCGGGTTCGGCGCAT,l6,lanes_5-8,rep3-tx,73,12,singlet,rep3-tx,IFNg,STAT5A
l6_TGCTACCCACTAAGTC,l6,lanes_5-8,rep4-tx,395,9,singlet,rep4-tx,IFNg,SPI1
l6_TGCTACCCATTCTTAC,l6,lanes_5-8,rep3-tx,77,13,singlet,rep3-tx,IFNg,IRF1
l6_TGGACGCAGTGTTGAA,l6,lanes_5-8,rep3-tx,80,12,singlet,rep3-tx,IFNg,TNFRSF14
l6_TGGACGCCAGGACCCT,l6,lanes_5-8,rep4-tx,172,9,singlet,rep4-tx,IFNg,NT
l6_TGGCCAGCAGACAGGT,l6,lanes_5-8,rep3-tx,114,14,singlet,rep3-tx,IFNg,NT
l6_TGGCCAGGTATCTGCA,l6,lanes_5-8,rep3-tx,51,5,singlet,rep3-tx,IFNg,IFNGR2
l6_TGGCGCATCGCCCTTA,l6,lanes_5-8,rep3-tx,132,12,singlet,rep3-tx,IFNg,STAT2
l6_TGGCTGGTCAGCAACT,l6,lanes_5-8,rep4-tx,201,7,singlet,rep4-tx,IFNg,IFNGR1
l6_TGGGAAGAGTCTCAAC,l6,lanes_5-8,rep4-tx,82,6,singlet,rep4-tx,IFNg,NFKBIA
l6_TGGGAAGGTAGCGTAG,l6,lanes_5-8,rep3-tx,75,10,singlet,rep3-tx,IFNg,IFNGR2
l6_TGGTTCCCAGCAGTTT,l6,lanes_5-8,rep4-tx,164,8,singlet,rep4-tx,IFNg,IRF7
l6_TGTGGTATCGGTGTCG,l6,lanes_5-8,rep3-tx,82,19,singlet,rep3-tx,IFNg,MYC
l6_TGTGTTTTCCTTGGTC,l6,lanes_5-8,rep4-tx,57,7,singlet,rep4-tx,IFNg,IFNGR1
l6_TGTGTTTTCGTACCGG,l6,lanes_5-8,rep4-tx,76,10,singlet,rep4-tx,IFNg,NT
l6_TTAACTCCAATCAGAA,l6,lanes_5-8,rep3-tx,168,22,singlet,rep3-tx,IFNg,ETV7
l6_TTAACTCCAGGTTTCA,l6,lanes_5-8,rep3-tx,38,8,singlet,rep3-tx,IFNg,IFNGR1
l6_TTAGGCATCAGATAAG,l6,lanes_5-8,rep3-tx,162,12,singlet,rep3-tx,IFNg,NT
l6_TTCCCAGTCGTTACAG,l6,lanes_5-8,rep3-tx,53,12,singlet,rep3-tx,IFNg,STAT5A
l6_TTCGGTCGTTAAGAAC,l6,lanes_5-8,rep4-tx,165,8,singlet,rep4-tx,IFNg,CMTM6
l6_TTCGGTCTCAGGTTCA,l6,lanes_5-8,rep3-tx,169,10,singlet,rep3-tx,IFNg,PDCD1LG2
l6_TTCTCAACACCGCTAG,l6,lanes_5-8,rep4-tx,99,9,singlet,rep4-tx,IFNg,IFNGR1
l6_TTCTCCTGTCGTCTTC,l6,lanes_5-8,rep4-tx,250,9,singlet,rep4-tx,IFNg,TNFRSF14
l6_TTGAACGAGTGGAGTC,l6,lanes_5-8,rep3-tx,87,7,singlet,rep3-tx,IFNg,IFNGR1
l6_TTGCCGTCAAGTAGTA,l6,lanes_5-8,rep3-tx,179,9,singlet,rep3-tx,IFNg,STAT5A
l6_TTGCCGTGTAATAGCA,l6,lanes_5-8,rep4-tx,1181,4,singlet,rep4-tx,IFNg,PDCD1LG2
l6_TTGCGTCGTCCGAACC,l6,lanes_5-8,rep4-tx,95,1,singlet,rep4-tx,IFNg,SPI1
l6_TTGGAACAGATAGGAG,l6,lanes_5-8,rep3-tx,40,12,singlet,rep3-tx,IFNg,CD86
l6_TTGTAGGAGTTCGCAT,l6,lanes_5-8,rep3-tx,80,12,singlet,rep3-tx,IFNg,JAK2
l6_TTGTAGGGTAGTACCT,l6,lanes_5-8,rep4-tx,239,5,singlet,rep4-tx,IFNg,MARCH8
l6_TTTACTGAGTCCATAC,l6,lanes_5-8,rep3-tx,91,16,singlet,rep3-tx,IFNg,NT
l6_TTTCCTCTCGCTTGTC,l6,lanes_5-8,rep4-tx,59,5,singlet,rep4-tx,IFNg,CMTM6
l6_TTTCCTCTCTTAGAGC,l6,lanes_5-8,rep3-tx,133,10,singlet,rep3-tx,IFNg,NT
l6_TTTGCGCAGTCGTACT,l6,lanes_5-8,rep3-tx,321,18,singlet,rep3-tx,IFNg,ETV7
l6_TTTGGTTCAGGAATGC,l6,lanes_5-8,rep4-tx,133,5,singlet,rep4-tx,IFNg,CAV1
l6_TTTGTCATCCAGTAGT,l6,lanes_5-8,rep3-tx,116,4,singlet,rep3-tx,IFNg,CMTM6
l7_AAACGGGGTTCGGGCT,l7,lanes_5-8,rep3-tx,60,6,singlet,rep3-tx,IFNg,ambiguous
l7_AAAGATGTCTTTAGTC,l7,lanes_5-8,rep4-tx,77,2,singlet,rep4-tx,IFNg,ATF2
l7_AAAGCAAAGGCCGAAT,l7,lanes_5-8,rep3-tx,177,11,singlet,rep3-tx,IFNg,IFNGR2
l7_AAATGCCTCTTTAGTC,l7,lanes_5-8,rep4-tx,74,10,singlet,rep4-tx,IFNg,NT
l7_AACTGGTAGATGTTAG,l7,lanes_5-8,rep3-tx,90,17,singlet,rep3-tx,IFNg,ATF2
l7_AACTGGTAGTGGAGTC,l7,lanes_5-8,rep4-tx,102,4,singlet,rep4-tx,IFNg,NT
l7_AACTGGTTCTTGCATT,l7,lanes_5-8,rep4-tx,84,6,singlet,rep4-tx,IFNg,NFKBIA
l7_AAGACCTAGGCTAGGT,l7,lanes_5-8,rep4-tx,109,5,singlet,rep4-tx,IFNg,STAT2
l7_AAGACCTCAGCCTTGG,l7,lanes_5-8,rep3-tx,77,12,singlet,rep3-tx,IFNg,IFNGR2
l7_AAGACCTCAGCTGCTG,l7,lanes_5-8,rep3-tx,225,15,singlet,rep3-tx,IFNg,NT
l7_AAGGAGCAGAGCTATA,l7,lanes_5-8,rep3-tx,109,10,singlet,rep3-tx,IFNg,PDCD1LG2
l7_AAGGTTCGTTCGCTAA,l7,lanes_5-8,rep4-tx,262,4,singlet,rep4-tx,IFNg,STAT5A
l7_AAGGTTCTCCAGAGGA,l7,lanes_5-8,rep3-tx,53,10,singlet,rep3-tx,IFNg,JAK2
l7_AAGTCTGTCGTTTGCC,l7,lanes_5-8,rep4-tx,171,4,singlet,rep4-tx,IFNg,ATF2
l7_AATCCAGCAAGTTAAG,l7,lanes_5-8,rep3-tx,109,12,singlet,rep3-tx,IFNg,CMTM6
l7_ACACCAAGTACCCAAT,l7,lanes_5-8,rep3-tx,54,9,singlet,rep3-tx,IFNg,IRF1
l7_ACACCGGCACATTCGA,l7,lanes_5-8,rep3-tx,70,11,singlet,rep3-tx,IFNg,IFNGR1
l7_ACACTGAGTCAACATC,l7,lanes_5-8,rep4-tx,213,8,singlet,rep4-tx,IFNg,POU2F2
l7_ACACTGAGTCGCCATG,l7,lanes_5-8,rep4-tx,146,11,singlet,rep4-tx,IFNg,CMTM6
l7_ACAGCCGAGTACGACG,l7,lanes_5-8,rep4-tx,419,12,singlet,rep4-tx,IFNg,CD86
l7_ACAGCTATCGGTGTTA,l7,lanes_5-8,rep3-tx,224,8,singlet,rep3-tx,IFNg,CAV1
l7_ACATGGTGTACAGTGG,l7,lanes_5-8,rep3-tx,91,16,singlet,rep3-tx,IFNg,IFNGR2
l7_ACCAGTACATTCTTAC,l7,lanes_5-8,rep4-tx,201,4,singlet,rep4-tx,IFNg,TNFRSF14
l7_ACCGTAACAGGGATTG,l7,lanes_5-8,rep3-tx,67,4,singlet,rep3-tx,IFNg,TNFRSF14
l7_ACGATGTGTGCTGTAT,l7,lanes_5-8,rep4-tx,166,8,singlet,rep4-tx,IFNg,STAT3
l7_ACGCAGCGTCGGCATC,l7,lanes_5-8,rep3-tx,22,3,singlet,rep3-tx,IFNg,MARCH8
l7_ACGCCAGAGCCCAATT,l7,lanes_5-8,rep3-tx,340,13,singlet,rep3-tx,IFNg,ambiguous
l7_ACGCCAGAGTCATGCT,l7,lanes_5-8,rep3-tx,103,17,singlet,rep3-tx,IFNg,ETV7
l7_ACGCCGACAAGGTTTC,l7,lanes_5-8,rep3-tx,48,11,singlet,rep3-tx,IFNg,STAT5A
l7_ACGGGTCAGCACAGGT,l7,lanes_5-8,rep3-tx,35,4,singlet,rep3-tx,IFNg,NFKBIA
l7_ACGGGTCAGGAATCGC,l7,lanes_5-8,rep3-tx,84,12,singlet,rep3-tx,IFNg,STAT3
l7_ACGGGTCCACTGAAGG,l7,lanes_5-8,rep4-tx,147,6,singlet,rep4-tx,IFNg,TNFRSF14
l7_ACTATCTAGTTGAGTA,l7,lanes_5-8,rep4-tx,247,13,singlet,rep4-tx,IFNg,STAT5A
l7_ACTGAGTGTAGCTGCC,l7,lanes_5-8,rep3-tx,39,9,singlet,rep3-tx,IFNg,MARCH8
l7_ACTGTCCAGGCTCAGA,l7,lanes_5-8,rep4-tx,155,10,singlet,rep4-tx,IFNg,NT
l7_ACTGTCCTCACCATAG,l7,lanes_5-8,rep3-tx,168,9,singlet,rep3-tx,IFNg,STAT2
l7_ACTTACTCAGTGACAG,l7,lanes_5-8,rep4-tx,182,10,singlet,rep4-tx,IFNg,ETV7
l7_AGAGCGACATGCAACT,l7,lanes_5-8,rep4-tx,178,6,singlet,rep4-tx,IFNg,IFNGR2
l7_AGAGCGATCGGTTCGG,l7,lanes_5-8,rep3-tx,146,8,singlet,rep3-tx,IFNg,CD86
l7_AGAGCGATCTGCCAGG,l7,lanes_5-8,rep4-tx,150,9,singlet,rep4-tx,IFNg,ATF2
l7_AGAGTGGCAGTATCTG,l7,lanes_5-8,rep3-tx,139,9,singlet,rep3-tx,IFNg,MARCH8
l7_AGCCTAAAGACTACAA,l7,lanes_5-8,rep4-tx,445,9,singlet,rep4-tx,IFNg,CD86
l7_AGCTCTCTCTCCCTGA,l7,lanes_5-8,rep4-tx,43,7,singlet,rep4-tx,IFNg,IFNGR2
l7_AGCTTGACAAGCTGAG,l7,lanes_5-8,rep4-tx,195,7,singlet,rep4-tx,IFNg,STAT5A
l7_AGGCCGTAGCCCAATT,l7,lanes_5-8,rep3-tx,97,10,singlet,rep3-tx,IFNg,STAT3
l7_AGGGTGATCTAGCACA,l7,lanes_5-8,rep4-tx,212,4,singlet,rep4-tx,IFNg,TNFRSF14
l7_AGTAGTCAGCGATGAC,l7,lanes_5-8,rep3-tx,34,9,singlet,rep3-tx,IFNg,ATF2
l7_AGTAGTCGTGTTGAGG,l7,lanes_5-8,rep3-tx,39,6,singlet,rep3-tx,IFNg,IRF1
l7_AGTGGGAAGGTGTGGT,l7,lanes_5-8,rep4-tx,84,8,singlet,rep4-tx,IFNg,UBE2L6
l7_AGTGGGACAATAGCAA,l7,lanes_5-8,rep4-tx,247,7,singlet,rep4-tx,IFNg,CUL3
l7_ATAAGAGGTTCGGCAC,l7,lanes_5-8,rep4-tx,80,5,singlet,rep4-tx,IFNg,NFKBIA
l7_ATCATCTGTAGAAAGG,l7,lanes_5-8,rep3-tx,245,19,singlet,rep3-tx,IFNg,STAT1
l7_ATCATGGTCATTGCCC,l7,lanes_5-8,rep4-tx,71,1,singlet,rep4-tx,IFNg,NT
l7_ATCCGAAGTGGGTCAA,l7,lanes_5-8,rep4-tx,371,8,singlet,rep4-tx,IFNg,UBE2L6
l7_ATCGAGTGTCATATGC,l7,lanes_5-8,rep3-tx,160,8,singlet,rep3-tx,IFNg,STAT1
l7_ATCTACTTCTCGTATT,l7,lanes_5-8,rep3-tx,184,7,singlet,rep3-tx,IFNg,ATF2
l7_ATCTGCCGTGTGGCTC,l7,lanes_5-8,rep4-tx,185,4,singlet,rep4-tx,IFNg,BRD4
l7_ATGAGGGCAGTATGCT,l7,lanes_5-8,rep3-tx,290,14,singlet,rep3-tx,IFNg,ATF2
l7_ATGAGGGGTTCCACTC,l7,lanes_5-8,rep3-tx,412,10,singlet,rep3-tx,IFNg,IRF7
l7_ATGGGAGAGACCCACC,l7,lanes_5-8,rep4-tx,98,12,singlet,rep4-tx,IFNg,NT
l7_ATTCTACAGCTGATAA,l7,lanes_5-8,rep4-tx,71,3,singlet,rep4-tx,IFNg,CD86
l7_ATTGGTGAGCGCTCCA,l7,lanes_5-8,rep3-tx,222,8,singlet,rep3-tx,IFNg,NT
l7_ATTTCTGAGCCACTAT,l7,lanes_5-8,rep3-tx,57,11,singlet,rep3-tx,IFNg,NT
l7_ATTTCTGGTTTAGGAA,l7,lanes_5-8,rep4-tx,200,9,singlet,rep4-tx,IFNg,STAT5A
l7_CAACTAGAGTTTCCTT,l7,lanes_5-8,rep3-tx,157,8,singlet,rep3-tx,IFNg,UBE2L6
l7_CAAGATCTCTGCTGCT,l7,lanes_5-8,rep3-tx,57,17,singlet,rep3-tx,IFNg,IFNGR2
l7_CAAGGCCGTGATGTGG,l7,lanes_5-8,rep3-tx,75,11,singlet,rep3-tx,IFNg,NT
l7_CAAGTTGTCACAACGT,l7,lanes_5-8,rep3-tx,88,11,singlet,rep3-tx,IFNg,TNFRSF14
l7_CACATAGCACCAGTTA,l7,lanes_5-8,rep3-tx,63,9,singlet,rep3-tx,IFNg,SPI1
l7_CACCACTGTCAACATC,l7,lanes_5-8,rep3-tx,104,11,singlet,rep3-tx,IFNg,MARCH8
l7_CACCTTGTCTGATACG,l7,lanes_5-8,rep4-tx,339,14,singlet,rep4-tx,IFNg,ambiguous
l7_CAGAATCAGTACGTAA,l7,lanes_5-8,rep4-tx,136,2,singlet,rep4-tx,IFNg,ATF2
l7_CAGAGAGAGGAGCGTT,l7,lanes_5-8,rep3-tx,171,16,singlet,rep3-tx,IFNg,ambiguous
l7_CAGATCAAGGATTCGG,l7,lanes_5-8,rep3-tx,63,13,singlet,rep3-tx,IFNg,PDCD1LG2
l7_CAGCATAGTATTCGTG,l7,lanes_5-8,rep3-tx,52,4,singlet,rep3-tx,IFNg,IRF7
l7_CAGCCGACAGCTGGCT,l7,lanes_5-8,rep3-tx,43,13,singlet,rep3-tx,IFNg,CD86
l7_CAGCGACGTCTCAACA,l7,lanes_5-8,rep4-tx,88,7,singlet,rep4-tx,IFNg,CMTM6
l7_CAGCTGGCATGTCCTC,l7,lanes_5-8,rep4-tx,113,5,singlet,rep4-tx,IFNg,ambiguous
l7_CAGCTGGTCTGGCGAC,l7,lanes_5-8,rep3-tx,202,10,singlet,rep3-tx,IFNg,ambiguous
l7_CATCAGAAGATCCCAT,l7,lanes_5-8,rep4-tx,319,6,singlet,rep4-tx,IFNg,CMTM6
l7_CATCCACCATGACGGA,l7,lanes_5-8,rep4-tx,138,10,singlet,rep4-tx,IFNg,ATF2
l7_CATCGAACACCTCGTT,l7,lanes_5-8,rep3-tx,65,14,singlet,rep3-tx,IFNg,CMTM6
l7_CATGACAAGAGCTTCT,l7,lanes_5-8,rep3-tx,44,14,singlet,rep3-tx,IFNg,STAT5A
l7_CATGACAGTCCAAGTT,l7,lanes_5-8,rep4-tx,153,6,singlet,rep4-tx,IFNg,UBE2L6
l7_CATGGCGTCACGAAGG,l7,lanes_5-8,rep4-tx,534,14,singlet,rep4-tx,IFNg,SMAD4
l7_CATTATCAGCCGATTT,l7,lanes_5-8,rep3-tx,103,15,singlet,rep3-tx,IFNg,ATF2
l7_CATTATCTCCAGTAGT,l7,lanes_5-8,rep3-tx,62,12,singlet,rep3-tx,IFNg,IFNGR1
l7_CATTCGCCAGGAACGT,l7,lanes_5-8,rep4-tx,387,8,singlet,rep4-tx,IFNg,ATF2
l7_CCAATCCAGTCGATAA,l7,lanes_5-8,rep3-tx,143,15,singlet,rep3-tx,IFNg,PDCD1LG2
l7_CCAATCCAGTTACCCA,l7,lanes_5-8,rep4-tx,144,7,singlet,rep4-tx,IFNg,UBE2L6
l7_CCAATCCGTTGATTGC,l7,lanes_5-8,rep3-tx,213,12,singlet,rep3-tx,IFNg,CMTM6
l7_CCACGGAAGTTCGCAT,l7,lanes_5-8,rep4-tx,67,11,singlet,rep4-tx,IFNg,IFNGR2
l7_CCACTACAGCGTAATA,l7,lanes_5-8,rep4-tx,258,11,singlet,rep4-tx,IFNg,ETV7
l7_CCACTACAGCTCCTCT,l7,lanes_5-8,rep3-tx,109,19,singlet,rep3-tx,IFNg,STAT2
l7_CCAGCGAGTAGCTAAA,l7,lanes_5-8,rep4-tx,941,7,singlet,rep4-tx,IFNg,CAV1
l7_CCATGTCGTTGAGTTC,l7,lanes_5-8,rep3-tx,57,2,singlet,rep3-tx,IFNg,ambiguous
l7_CCATTCGAGGTGATAT,l7,lanes_5-8,rep4-tx,171,12,singlet,rep4-tx,IFNg,STAT2
l7_CCGTTCAAGCAGGCTA,l7,lanes_5-8,rep4-tx,158,12,singlet,rep4-tx,IFNg,JAK2
l7_CCGTTCACAAGAAGAG,l7,lanes_5-8,rep3-tx,501,8,singlet,rep3-tx,IFNg,NT
l7_CCTACACCAGTACACT,l7,lanes_5-8,rep4-tx,201,10,singlet,rep4-tx,IFNg,CUL3
l7_CCTACCATCCTTGGTC,l7,lanes_5-8,rep4-tx,568,7,singlet,rep4-tx,IFNg,PDCD1LG2
l7_CCTATTACACCCATTC,l7,lanes_5-8,rep4-tx,144,9,singlet,rep4-tx,IFNg,POU2F2
l7_CCTATTAGTTCCACTC,l7,lanes_5-8,rep3-tx,145,16,singlet,rep3-tx,IFNg,IFNGR2
l7_CCTTACGTCGCTTGTC,l7,lanes_5-8,rep3-tx,162,12,singlet,rep3-tx,IFNg,IFNGR2
l7_CCTTCGAAGGATGGAA,l7,lanes_5-8,rep3-tx,413,14,singlet,rep3-tx,IFNg,NT
l7_CCTTTCTCAGCTGCTG,l7,lanes_5-8,rep3-tx,102,8,singlet,rep3-tx,IFNg,ETV7
l7_CGAACATGTCCGTGAC,l7,lanes_5-8,rep4-tx,96,7,singlet,rep4-tx,IFNg,IRF1
l7_CGACTTCTCATTGCGA,l7,lanes_5-8,rep3-tx,116,16,singlet,rep3-tx,IFNg,CD86
l7_CGAGAAGAGAAAGTGG,l7,lanes_5-8,rep4-tx,241,8,singlet,rep4-tx,IFNg,ATF2
l7_CGAGCCAAGCGTTCCG,l7,lanes_5-8,rep3-tx,120,9,singlet,rep3-tx,IFNg,IFNGR2
l7_CGAGCCAGTAGCTTGT,l7,lanes_5-8,rep3-tx,48,11,singlet,rep3-tx,IFNg,IRF1
l7_CGATGGCGTGCAACGA,l7,lanes_5-8,rep3-tx,37,11,singlet,rep3-tx,IFNg,CMTM6
l7_CGATTGACACCGGAAA,l7,lanes_5-8,rep3-tx,333,12,singlet,rep3-tx,IFNg,SMAD4
l7_CGCGTTTAGTGAAGTT,l7,lanes_5-8,rep3-tx,53,2,singlet,rep3-tx,IFNg,STAT5A
l7_CGCTATCAGCTGCGAA,l7,lanes_5-8,rep3-tx,103,13,singlet,rep3-tx,IFNg,ATF2
l7_CGCTGGAGTTATCGGT,l7,lanes_5-8,rep4-tx,928,10,singlet,rep4-tx,IFNg,PDCD1LG2
l7_CGCTGGATCACAATGC,l7,lanes_5-8,rep3-tx,253,16,singlet,rep3-tx,IFNg,NT
l7_CGCTGGATCCGCATCT,l7,lanes_5-8,rep4-tx,192,6,singlet,rep4-tx,IFNg,STAT2
l7_CGCTTCAAGAGACTTA,l7,lanes_5-8,rep4-tx,383,5,singlet,rep4-tx,IFNg,IFNGR1
l7_CGGACTGAGGAGCGAG,l7,lanes_5-8,rep3-tx,131,12,singlet,rep3-tx,IFNg,NT
l7_CGGAGTCAGCCACGCT,l7,lanes_5-8,rep4-tx,364,14,singlet,rep4-tx,IFNg,TNFRSF14
l7_CGGAGTCCACACTGCG,l7,lanes_5-8,rep3-tx,220,16,singlet,rep3-tx,IFNg,CD86
l7_CGGCTAGCATTGAGCT,l7,lanes_5-8,rep4-tx,182,9,singlet,rep4-tx,IFNg,CD86
l7_CGGCTAGTCTAACTTC,l7,lanes_5-8,rep3-tx,54,12,singlet,rep3-tx,IFNg,CAV1
l7_CGGTTAATCAAGGTAA,l7,lanes_5-8,rep3-tx,62,7,singlet,rep3-tx,IFNg,IFNGR2
l7_CGGTTAATCCGGCACA,l7,lanes_5-8,rep4-tx,118,6,singlet,rep4-tx,IFNg,NFKBIA
l7_CGTAGGCTCACCGGGT,l7,lanes_5-8,rep3-tx,93,6,singlet,rep3-tx,IFNg,TNFRSF14
l7_CGTAGGCTCCTTAATC,l7,lanes_5-8,rep3-tx,70,15,singlet,rep3-tx,IFNg,MARCH8
l7_CGTCAGGCACGAAACG,l7,lanes_5-8,rep4-tx,196,11,singlet,rep4-tx,IFNg,MARCH8
l7_CGTCAGGGTAAACGCG,l7,lanes_5-8,rep4-tx,1208,9,singlet,rep4-tx,IFNg,MYC
l7_CGTCAGGGTTGGTGGA,l7,lanes_5-8,rep3-tx,77,7,singlet,rep3-tx,IFNg,IFNGR2
l7_CGTCCATTCTTGCCGT,l7,lanes_5-8,rep4-tx,137,8,singlet,rep4-tx,IFNg,IRF7
l7_CGTGAGCGTGCGATAG,l7,lanes_5-8,rep4-tx,319,14,singlet,rep4-tx,IFNg,CD86
l7_CGTGTAAAGGCTCAGA,l7,lanes_5-8,rep3-tx,168,5,singlet,rep3-tx,IFNg,ETV7
l7_CGTGTCTTCATGTAGC,l7,lanes_5-8,rep4-tx,235,5,singlet,rep4-tx,IFNg,IFNGR1
l7_CGTTGGGAGAGACGAA,l7,lanes_5-8,rep4-tx,80,6,singlet,rep4-tx,IFNg,PDCD1LG2
l7_CTAAGACAGGTGACCA,l7,lanes_5-8,rep4-tx,50,1,singlet,rep4-tx,IFNg,MYC
l7_CTAAGACTCTTACCTA,l7,lanes_5-8,rep3-tx,83,21,singlet,rep3-tx,IFNg,SMAD4
l7_CTAATGGCAAGCTGTT,l7,lanes_5-8,rep3-tx,123,7,singlet,rep3-tx,IFNg,JAK2
l7_CTAATGGGTACAGACG,l7,lanes_5-8,rep4-tx,116,2,singlet,rep4-tx,IFNg,IFNGR1
l7_CTACATTTCCAAATGC,l7,lanes_5-8,rep3-tx,175,11,singlet,rep3-tx,IFNg,ambiguous
l7_CTAGCCTTCTTGTCAT,l7,lanes_5-8,rep4-tx,71,8,singlet,rep4-tx,IFNg,POU2F2
l7_CTAGTGATCATGTCCC,l7,lanes_5-8,rep4-tx,60,9,singlet,rep4-tx,IFNg,IFNGR2
l7_CTCGAAACACTAGTAC,l7,lanes_5-8,rep4-tx,192,9,singlet,rep4-tx,IFNg,NT
l7_CTCGAGGCAGGGTTAG,l7,lanes_5-8,rep3-tx,26,1,singlet,rep3-tx,IFNg,IFNGR1
l7_CTCGAGGGTACTCTCC,l7,lanes_5-8,rep4-tx,176,4,singlet,rep4-tx,IFNg,ETV7
l7_CTCTACGAGGAACTGC,l7,lanes_5-8,rep4-tx,269,9,singlet,rep4-tx,IFNg,SMAD4
l7_CTCTACGTCCGCATAA,l7,lanes_5-8,rep3-tx,42,12,singlet,rep3-tx,IFNg,MARCH8
l7_CTGATCCCAGACACTT,l7,lanes_5-8,rep3-tx,49,15,singlet,rep3-tx,IFNg,ATF2
l7_CTGCGGAGTGCCTGCA,l7,lanes_5-8,rep4-tx,127,14,singlet,rep4-tx,IFNg,TNFRSF14
l7_CTGCTGTAGATGTCGG,l7,lanes_5-8,rep3-tx,85,12,singlet,rep3-tx,IFNg,UBE2L6
l7_CTGCTGTGTATGGTTC,l7,lanes_5-8,rep4-tx,153,10,singlet,rep4-tx,IFNg,JAK2
l7_CTGCTGTTCTTCGAGA,l7,lanes_5-8,rep4-tx,148,6,singlet,rep4-tx,IFNg,STAT5A
l7_CTGTTTATCCATTCTA,l7,lanes_5-8,rep4-tx,172,4,singlet,rep4-tx,IFNg,NT
l7_CTTACCGGTGCACTTA,l7,lanes_5-8,rep4-tx,325,8,singlet,rep4-tx,IFNg,CUL3
l7_CTTCTCTAGACTTTCG,l7,lanes_5-8,rep4-tx,416,11,singlet,rep4-tx,IFNg,MYC
l7_CTTGGCTAGTCCAGGA,l7,lanes_5-8,rep4-tx,357,8,singlet,rep4-tx,IFNg,ATF2
l7_GAACCTAGTAAACACA,l7,lanes_5-8,rep4-tx,154,14,singlet,rep4-tx,IFNg,MARCH8
l7_GAACCTATCATCATTC,l7,lanes_5-8,rep4-tx,162,5,singlet,rep4-tx,IFNg,ATF2
l7_GAACGGAAGATCGGGT,l7,lanes_5-8,rep3-tx,143,13,singlet,rep3-tx,IFNg,NT
l7_GAACGGACATGTCGAT,l7,lanes_5-8,rep3-tx,45,8,singlet,rep3-tx,IFNg,IRF1
l7_GAACGGAGTGAGTGAC,l7,lanes_5-8,rep4-tx,176,5,singlet,rep4-tx,IFNg,JAK2
l7_GAAGCAGCATGGGACA,l7,lanes_5-8,rep3-tx,253,14,singlet,rep3-tx,IFNg,CMTM6
l7_GAAGCAGGTCTTCGTC,l7,lanes_5-8,rep4-tx,211,9,singlet,rep4-tx,IFNg,STAT3
l7_GAATGAAAGGGATGGG,l7,lanes_5-8,rep3-tx,87,7,singlet,rep3-tx,IFNg,STAT3
l7_GAATGAAAGTGTACGG,l7,lanes_5-8,rep4-tx,129,13,singlet,rep4-tx,IFNg,JAK2
l7_GAATGAACAGTGAGTG,l7,lanes_5-8,rep3-tx,171,12,singlet,rep3-tx,IFNg,ambiguous
l7_GAATGAATCGCACTCT,l7,lanes_5-8,rep4-tx,88,6,singlet,rep4-tx,IFNg,POU2F2
l7_GACGCGTCAGATGGGT,l7,lanes_5-8,rep3-tx,73,14,singlet,rep3-tx,IFNg,IRF1
l7_GACGTTACATCTACGA,l7,lanes_5-8,rep4-tx,123,9,singlet,rep4-tx,IFNg,NT
l7_GACGTTAGTCATCGGC,l7,lanes_5-8,rep3-tx,139,16,singlet,rep3-tx,IFNg,JAK2
l7_GACTAACCAGCGAACA,l7,lanes_5-8,rep4-tx,301,12,singlet,rep4-tx,IFNg,IFNGR1
l7_GAGCAGATCTACCTGC,l7,lanes_5-8,rep4-tx,288,6,singlet,rep4-tx,IFNg,SMAD4
l7_GATCGCGTCTCAAGTG,l7,lanes_5-8,rep3-tx,128,11,singlet,rep3-tx,IFNg,CUL3
l7_GATGAGGTCAATCTCT,l7,lanes_5-8,rep4-tx,123,7,singlet,rep4-tx,IFNg,JAK2
l7_GCAAACTGTTATCCGA,l7,lanes_5-8,rep4-tx,135,13,singlet,rep4-tx,IFNg,TNFRSF14
l7_GCACATACACAAGTAA,l7,lanes_5-8,rep3-tx,166,13,singlet,rep3-tx,IFNg,TNFRSF14
l7_GCACTCTAGCGTAATA,l7,lanes_5-8,rep3-tx,92,17,singlet,rep3-tx,IFNg,IFNGR1
l7_GCCAAATCACGGCCAT,l7,lanes_5-8,rep3-tx,161,17,singlet,rep3-tx,IFNg,IFNGR2
l7_GCGAGAATCATGCATG,l7,lanes_5-8,rep3-tx,96,5,singlet,rep3-tx,IFNg,ambiguous
l7_GCGCAGTCAAGGCTCC,l7,lanes_5-8,rep3-tx,125,14,singlet,rep3-tx,IFNg,IFNGR2
l7_GCGCCAATCGGATGTT,l7,lanes_5-8,rep3-tx,83,12,singlet,rep3-tx,IFNg,CMTM6
l7_GCTCCTAAGTACGTTC,l7,lanes_5-8,rep4-tx,83,10,singlet,rep4-tx,IFNg,CMTM6
l7_GCTTGAACAAATTGCC,l7,lanes_5-8,rep4-tx,707,12,singlet,rep4-tx,IFNg,IRF1
l7_GGAAAGCAGATCGGGT,l7,lanes_5-8,rep4-tx,237,12,singlet,rep4-tx,IFNg,POU2F2
l7_GGAATAAAGCGACGTA,l7,lanes_5-8,rep4-tx,198,3,singlet,rep4-tx,IFNg,CD86
l7_GGACATTAGGGCTCTC,l7,lanes_5-8,rep4-tx,56,2,singlet,rep4-tx,IFNg,TNFRSF14
l7_GGACATTCACAGACAG,l7,lanes_5-8,rep4-tx,148,4,singlet,rep4-tx,IFNg,TNFRSF14
l7_GGAGCAAAGCCCTAAT,l7,lanes_5-8,rep4-tx,240,13,singlet,rep4-tx,IFNg,IFNGR2
l7_GGAGCAAGTCTCTCGT,l7,lanes_5-8,rep4-tx,147,8,singlet,rep4-tx,IFNg,CMTM6
l7_GGATGTTGTAGGCTGA,l7,lanes_5-8,rep4-tx,181,12,singlet,rep4-tx,IFNg,CMTM6
l7_GGCTCGACAAGGTTTC,l7,lanes_5-8,rep3-tx,70,8,singlet,rep3-tx,IFNg,CAV1
l7_GGGACCTCAGATCTGT,l7,lanes_5-8,rep3-tx,46,10,singlet,rep3-tx,IFNg,CUL3
l7_GGGACCTTCGTTTGCC,l7,lanes_5-8,rep4-tx,200,9,singlet,rep4-tx,IFNg,NT
l7_GGGAGATCACGGTAGA,l7,lanes_5-8,rep3-tx,79,11,singlet,rep3-tx,IFNg,BRD4
l7_GGGATGAAGTGACTCT,l7,lanes_5-8,rep4-tx,169,9,singlet,rep4-tx,IFNg,NFKBIA
l7_GGGTCTGTCCACGCAG,l7,lanes_5-8,rep4-tx,77,6,singlet,rep4-tx,IFNg,MARCH8
l7_GGGTTGCAGACGCAAC,l7,lanes_5-8,rep3-tx,113,13,singlet,rep3-tx,IFNg,NT
l7_GGGTTGCAGCTGAACG,l7,lanes_5-8,rep4-tx,133,14,singlet,rep4-tx,IFNg,CD86
l7_GGTATTGCAGTATGCT,l7,lanes_5-8,rep3-tx,206,12,singlet,rep3-tx,IFNg,CUL3
l7_GGTGCGTAGAACAACT,l7,lanes_5-8,rep4-tx,85,1,singlet,rep4-tx,IFNg,MYC
l7_GGTGCGTTCGCGTAGC,l7,lanes_5-8,rep4-tx,102,3,singlet,rep4-tx,IFNg,IFNGR1
l7_GTAACTGAGCTGAAAT,l7,lanes_5-8,rep4-tx,112,13,singlet,rep4-tx,IFNg,CAV1
l7_GTACTCCAGGTGGGTT,l7,lanes_5-8,rep4-tx,48,9,singlet,rep4-tx,IFNg,JAK2
l7_GTAGTCAAGCTCTCGG,l7,lanes_5-8,rep4-tx,148,13,singlet,rep4-tx,IFNg,STAT3
l7_GTATCTTCATTTGCTT,l7,lanes_5-8,rep3-tx,57,15,singlet,rep3-tx,IFNg,CAV1
l7_GTCAAGTTCGAGAACG,l7,lanes_5-8,rep3-tx,82,19,singlet,rep3-tx,IFNg,JAK2
l7_GTCACGGCACCGCTAG,l7,lanes_5-8,rep3-tx,313,13,singlet,rep3-tx,IFNg,ETV7
l7_GTCGGGTTCGGAGCAA,l7,lanes_5-8,rep3-tx,189,13,singlet,rep3-tx,IFNg,MARCH8
l7_GTCTCGTGTTCGCTAA,l7,lanes_5-8,rep3-tx,55,8,singlet,rep3-tx,IFNg,UBE2L6
l7_GTCTTCGAGTGTGAAT,l7,lanes_5-8,rep4-tx,95,9,singlet,rep4-tx,IFNg,PDCD1LG2
l7_GTGCAGCCAAGGACAC,l7,lanes_5-8,rep3-tx,87,21,singlet,rep3-tx,IFNg,MARCH8
l7_GTGCATAAGTTAACGA,l7,lanes_5-8,rep3-tx,69,22,singlet,rep3-tx,IFNg,NFKBIA
l7_GTGCTTCCACGACGAA,l7,lanes_5-8,rep3-tx,79,8,singlet,rep3-tx,IFNg,CD86
l7_GTGTGCGTCACTCTTA,l7,lanes_5-8,rep4-tx,126,4,singlet,rep4-tx,IFNg,NT
l7_GTTCTCGCATACTACG,l7,lanes_5-8,rep4-tx,154,11,singlet,rep4-tx,IFNg,CAV1
l7_GTTTCTACACGCGAAA,l7,lanes_5-8,rep3-tx,204,19,singlet,rep3-tx,IFNg,CMTM6
l7_TAAGAGACATGCTGGC,l7,lanes_5-8,rep4-tx,480,11,singlet,rep4-tx,IFNg,NT
l7_TAAGAGATCAAACCAC,l7,lanes_5-8,rep3-tx,125,17,singlet,rep3-tx,IFNg,ATF2
l7_TAAGCGTCAAAGTGCG,l7,lanes_5-8,rep3-tx,139,8,singlet,rep3-tx,IFNg,NFKBIA
l7_TAAGTGCAGTGTACTC,l7,lanes_5-8,rep3-tx,42,11,singlet,rep3-tx,IFNg,BRD4
l7_TACACGAGTGATAAAC,l7,lanes_5-8,rep4-tx,61,11,singlet,rep4-tx,IFNg,CD86
l7_TACGGATAGAGTAAGG,l7,lanes_5-8,rep4-tx,149,12,singlet,rep4-tx,IFNg,IRF1
l7_TACGGGCGTATCAGTC,l7,lanes_5-8,rep4-tx,87,12,singlet,rep4-tx,IFNg,MARCH8
l7_TACGGGCGTGGGTCAA,l7,lanes_5-8,rep4-tx,113,9,singlet,rep4-tx,IFNg,CAV1
l7_TACGGGCTCGTAGATC,l7,lanes_5-8,rep4-tx,286,4,singlet,rep4-tx,IFNg,CAV1
l7_TACGGTAGTCCCGACA,l7,lanes_5-8,rep3-tx,76,8,singlet,rep3-tx,IFNg,MARCH8
l7_TACTCATCATCCCACT,l7,lanes_5-8,rep3-tx,84,18,singlet,rep3-tx,IFNg,UBE2L6
l7_TACTTGTGTGCAGACA,l7,lanes_5-8,rep4-tx,136,12,singlet,rep4-tx,IFNg,ATF2
l7_TAGTGGTGTAAGTAGT,l7,lanes_5-8,rep3-tx,94,10,singlet,rep3-tx,IFNg,IRF7
l7_TAGTTGGGTCTCAACA,l7,lanes_5-8,rep3-tx,209,8,singlet,rep3-tx,IFNg,NFKBIA
l7_TATCTCAAGACTTTCG,l7,lanes_5-8,rep4-tx,121,6,singlet,rep4-tx,IFNg,IRF1
l7_TATCTCAAGAGGACGG,l7,lanes_5-8,rep3-tx,138,8,singlet,rep3-tx,IFNg,TNFRSF14
l7_TATCTCAAGCGATAGC,l7,lanes_5-8,rep3-tx,77,10,singlet,rep3-tx,IFNg,NT
l7_TCAACGACACTTGGAT,l7,lanes_5-8,rep4-tx,100,5,singlet,rep4-tx,IFNg,PDCD1LG2
l7_TCACAAGGTCTCATCC,l7,lanes_5-8,rep3-tx,68,3,singlet,rep3-tx,IFNg,NT
l7_TCAGGATAGCGTGAAC,l7,lanes_5-8,rep4-tx,67,12,singlet,rep4-tx,IFNg,IRF1
l7_TCATTTGGTAACGCGA,l7,lanes_5-8,rep3-tx,218,17,singlet,rep3-tx,IFNg,CAV1
l7_TCATTTGGTTAAGACA,l7,lanes_5-8,rep4-tx,141,11,singlet,rep4-tx,IFNg,IRF1
l7_TCCCGATTCTAACTTC,l7,lanes_5-8,rep3-tx,78,13,singlet,rep3-tx,IFNg,JAK2
l7_TCGAGGCCAAGGTTCT,l7,lanes_5-8,rep4-tx,26,6,singlet,rep4-tx,IFNg,IFNGR2
l7_TCGAGGCCACCTCGTT,l7,lanes_5-8,rep4-tx,173,10,singlet,rep4-tx,IFNg,IRF1
l7_TCGAGGCTCACCTTAT,l7,lanes_5-8,rep3-tx,229,6,singlet,rep3-tx,IFNg,CAV1
l7_TCGCGTTAGGGTCGAT,l7,lanes_5-8,rep4-tx,80,13,singlet,rep4-tx,IFNg,NT
l7_TCTTCGGTCTACCAGA,l7,lanes_5-8,rep4-tx,70,13,singlet,rep4-tx,IFNg,SPI1
l7_TGACGGCTCAAGGCTT,l7,lanes_5-8,rep4-tx,497,4,singlet,rep4-tx,IFNg,TNFRSF14
l7_TGACGGCTCGTTACAG,l7,lanes_5-8,rep4-tx,136,5,singlet,rep4-tx,IFNg,CAV1
l7_TGACTTTAGTACGTAA,l7,lanes_5-8,rep3-tx,95,10,singlet,rep3-tx,IFNg,NFKBIA
l7_TGAGAGGAGACACTAA,l7,lanes_5-8,rep4-tx,116,9,singlet,rep4-tx,IFNg,CD86
l7_TGATTTCTCCGCATAA,l7,lanes_5-8,rep3-tx,157,9,singlet,rep3-tx,IFNg,IFNGR2
l7_TGCCCTAAGAAGCCCA,l7,lanes_5-8,rep4-tx,94,5,singlet,rep4-tx,IFNg,IFNGR2
l7_TGCCCTACAGTCAGAG,l7,lanes_5-8,rep4-tx,198,7,singlet,rep4-tx,IFNg,STAT2
l7_TGCGCAGAGTGCCAGA,l7,lanes_5-8,rep4-tx,65,10,singlet,rep4-tx,IFNg,TNFRSF14
l7_TGCGCAGGTCTCCACT,l7,lanes_5-8,rep4-tx,82,12,singlet,rep4-tx,IFNg,ETV7
l7_TGCGTGGAGGAATGGA,l7,lanes_5-8,rep3-tx,34,8,singlet,rep3-tx,IFNg,TNFRSF14
l7_TGCTACCGTATTCTCT,l7,lanes_5-8,rep3-tx,183,6,singlet,rep3-tx,IFNg,CUL3
l7_TGCTGCTAGCTGTTCA,l7,lanes_5-8,rep4-tx,115,11,singlet,rep4-tx,IFNg,IRF1
l7_TGGACGCGTCTAAAGA,l7,lanes_5-8,rep3-tx,101,9,singlet,rep3-tx,IFNg,STAT2
l7_TGGCCAGCAGGAATGC,l7,lanes_5-8,rep3-tx,238,11,singlet,rep3-tx,IFNg,CD86
l7_TGGCTGGCACGAAGCA,l7,lanes_5-8,rep3-tx,77,13,singlet,rep3-tx,IFNg,STAT2
l7_TGGGAAGGTCATGCAT,l7,lanes_5-8,rep4-tx,147,7,singlet,rep4-tx,IFNg,MYC
l7_TGTCCCAGTCTCCCTA,l7,lanes_5-8,rep3-tx,47,13,singlet,rep3-tx,IFNg,POU2F2
l7_TGTGGTAGTACCTACA,l7,lanes_5-8,rep3-tx,47,14,singlet,rep3-tx,IFNg,ETV7
l7_TGTGGTATCTTGTATC,l7,lanes_5-8,rep3-tx,369,7,singlet,rep3-tx,IFNg,NT
l7_TTAGGCAGTACAAGTA,l7,lanes_5-8,rep4-tx,195,13,singlet,rep4-tx,IFNg,MARCH8
l7_TTAGTTCTCCCTGACT,l7,lanes_5-8,rep3-tx,133,22,singlet,rep3-tx,IFNg,TNFRSF14
l7_TTATGCTCATGACGGA,l7,lanes_5-8,rep4-tx,293,11,singlet,rep4-tx,IFNg,STAT3
l7_TTATGCTTCCAAGCCG,l7,lanes_5-8,rep4-tx,440,12,singlet,rep4-tx,IFNg,NT
l7_TTCTCAACAATCGAAA,l7,lanes_5-8,rep3-tx,109,7,singlet,rep3-tx,IFNg,CAV1
l7_TTCTCCTTCTTGTTTG,l7,lanes_5-8,rep3-tx,131,12,singlet,rep3-tx,IFNg,TNFRSF14
l7_TTGAACGAGTGTACGG,l7,lanes_5-8,rep3-tx,174,3,singlet,rep3-tx,IFNg,MARCH8
l7_TTGAACGTCGGTGTCG,l7,lanes_5-8,rep3-tx,54,8,singlet,rep3-tx,IFNg,NT
l7_TTGACTTAGAACTCGG,l7,lanes_5-8,rep4-tx,219,12,singlet,rep4-tx,IFNg,NFKBIA
l7_TTGGCAACAGATGGGT,l7,lanes_5-8,rep4-tx,43,2,singlet,rep4-tx,IFNg,TNFRSF14
l7_TTGTAGGAGCAGCGTA,l7,lanes_5-8,rep3-tx,19,4,singlet,rep3-tx,IFNg,NT
l7_TTGTAGGGTCAGAAGC,l7,lanes_5-8,rep4-tx,473,13,singlet,rep4-tx,IFNg,ambiguous
l7_TTTATGCTCAGGTTCA,l7,lanes_5-8,rep3-tx,58,9,singlet,rep3-tx,IFNg,JAK2
l7_TTTGCGCGTCGAAAGC,l7,lanes_5-8,rep3-tx,52,4,singlet,rep3-tx,IFNg,TNFRSF14
l7_TTTGGTTCAGATCCAT,l7,lanes_5-8,rep4-tx,111,6,singlet,rep4-tx,IFNg,IFNGR1
l8_AAACCTGAGGAGTCTG,l8,lanes_5-8,rep4-tx,141,6,singlet,rep4-tx,IFNg,CAV1
l8_AAACCTGCATACTCTT,l8,lanes_5-8,rep4-tx,309,9,singlet,rep4-tx,IFNg,UBE2L6
l8_AAAGATGGTTTAAGCC,l8,lanes_5-8,rep4-tx,86,9,singlet,rep4-tx,IFNg,IFNGR2
l8_AAAGTAGTCCCATTTA,l8,lanes_5-8,rep3-tx,71,18,singlet,rep3-tx,IFNg,STAT1
l8_AAAGTAGTCTTGAGAC,l8,lanes_5-8,rep4-tx,182,8,singlet,rep4-tx,IFNg,MYC
l8_AAATGCCTCTCGGACG,l8,lanes_5-8,rep4-tx,455,8,singlet,rep4-tx,IFNg,IFNGR2
l8_AACACGTGTAAGCACG,l8,lanes_5-8,rep4-tx,1163,11,singlet,rep4-tx,IFNg,STAT2
l8_AACCATGTCAGCGATT,l8,lanes_5-8,rep4-tx,100,11,singlet,rep4-tx,IFNg,CD86
l8_AACCATGTCTAAGCCA,l8,lanes_5-8,rep4-tx,68,4,singlet,rep4-tx,IFNg,NT
l8_AACCATGTCTGCAGTA,l8,lanes_5-8,rep3-tx,140,13,singlet,rep3-tx,IFNg,JAK2
l8_AACGTTGAGGGCTTGA,l8,lanes_5-8,rep4-tx,328,7,singlet,rep4-tx,IFNg,ETV7
l8_AACTCCCAGCCAGTAG,l8,lanes_5-8,rep3-tx,106,14,singlet,rep3-tx,IFNg,CD86
l8_AACTCTTAGGAATCGC,l8,lanes_5-8,rep3-tx,161,5,singlet,rep3-tx,IFNg,IRF7
l8_AACTCTTTCAATAAGG,l8,lanes_5-8,rep4-tx,387,13,singlet,rep4-tx,IFNg,BRD4
l8_AACTGGTCAAGCCTAT,l8,lanes_5-8,rep4-tx,109,13,singlet,rep4-tx,IFNg,ATF2
l8_AACTGGTTCCAACCAA,l8,lanes_5-8,rep3-tx,122,13,singlet,rep3-tx,IFNg,PDCD1LG2
l8_AACTTTCTCACAAACC,l8,lanes_5-8,rep4-tx,386,8,singlet,rep4-tx,IFNg,STAT3
l8_AATCGGTTCCAGTATG,l8,lanes_5-8,rep3-tx,75,9,singlet,rep3-tx,IFNg,POU2F2
l8_ACACCAAAGCGCTCCA,l8,lanes_5-8,rep4-tx,170,4,singlet,rep4-tx,IFNg,STAT2
l8_ACACCCTGTCGATTGT,l8,lanes_5-8,rep4-tx,122,8,singlet,rep4-tx,IFNg,MARCH8
l8_ACACCGGAGGATGGTC,l8,lanes_5-8,rep3-tx,72,8,singlet,rep3-tx,IFNg,STAT2
l8_ACACTGAAGTGGAGTC,l8,lanes_5-8,rep4-tx,246,14,singlet,rep4-tx,IFNg,IRF1
l8_ACACTGACAAGCCGCT,l8,lanes_5-8,rep3-tx,98,10,singlet,rep3-tx,IFNg,TNFRSF14
l8_ACAGCTACATGACATC,l8,lanes_5-8,rep4-tx,69,10,singlet,rep4-tx,IFNg,CD86
l8_ACATACGTCGAATGGG,l8,lanes_5-8,rep4-tx,180,10,singlet,rep4-tx,IFNg,STAT3
l8_ACATCAGGTGGACGAT,l8,lanes_5-8,rep4-tx,170,12,singlet,rep4-tx,IFNg,CUL3
l8_ACCAGTAGTATGGTTC,l8,lanes_5-8,rep4-tx,69,7,singlet,rep4-tx,IFNg,PDCD1LG2
l8_ACCCACTCACCAGATT,l8,lanes_5-8,rep4-tx,142,10,singlet,rep4-tx,IFNg,IFNGR1
l8_ACCCACTGTGTGACCC,l8,lanes_5-8,rep4-tx,117,5,singlet,rep4-tx,IFNg,NT
l8_ACCCACTGTTGTGGCC,l8,lanes_5-8,rep3-tx,65,1,singlet,rep3-tx,IFNg,MARCH8
l8_ACCTTTAAGTGCCAGA,l8,lanes_5-8,rep4-tx,298,12,singlet,rep4-tx,IFNg,NFKBIA
l8_ACGAGCCAGATCTGAA,l8,lanes_5-8,rep3-tx,75,11,singlet,rep3-tx,IFNg,IRF7
l8_ACGAGCCGTGATGATA,l8,lanes_5-8,rep4-tx,282,4,singlet,rep4-tx,IFNg,IRF7
l8_ACGATGTTCGCATGAT,l8,lanes_5-8,rep4-tx,326,10,singlet,rep4-tx,IFNg,IRF1
l8_ACGCAGCGTTACGGAG,l8,lanes_5-8,rep3-tx,98,9,singlet,rep3-tx,IFNg,IRF7
l8_ACGCCGAGTCATATCG,l8,lanes_5-8,rep4-tx,193,13,singlet,rep4-tx,IFNg,CUL3
l8_ACGGAGACAGTCGTGC,l8,lanes_5-8,rep3-tx,327,19,singlet,rep3-tx,IFNg,CD86
l8_ACGGCCAAGAGACTAT,l8,lanes_5-8,rep4-tx,61,13,singlet,rep4-tx,IFNg,STAT5A
l8_ACGGGCTAGGCTACGA,l8,lanes_5-8,rep4-tx,580,10,singlet,rep4-tx,IFNg,ATF2
l8_ACGTCAACATCACGTA,l8,lanes_5-8,rep3-tx,326,16,singlet,rep3-tx,IFNg,MYC
l8_ACTGCTCTCCACGAAT,l8,lanes_5-8,rep4-tx,114,7,singlet,rep4-tx,IFNg,NT
l8_ACTGTCCTCTTGACGA,l8,lanes_5-8,rep4-tx,265,8,singlet,rep4-tx,IFNg,TNFRSF14
l8_ACTTACTAGGGTATCG,l8,lanes_5-8,rep4-tx,146,5,singlet,rep4-tx,IFNg,CD86
l8_ACTTTCATCGTGGGAA,l8,lanes_5-8,rep3-tx,191,15,singlet,rep3-tx,IFNg,IFNGR2
l8_AGAATAGAGTGCCATT,l8,lanes_5-8,rep3-tx,244,12,singlet,rep3-tx,IFNg,NT
l8_AGACGTTTCTGCCAGG,l8,lanes_5-8,rep3-tx,265,16,singlet,rep3-tx,IFNg,POU2F2
l8_AGAGCGACATGTTGAC,l8,lanes_5-8,rep4-tx,358,4,singlet,rep4-tx,IFNg,STAT5A
l8_AGATCTGGTCACACGC,l8,lanes_5-8,rep3-tx,60,9,singlet,rep3-tx,IFNg,CAV1
l8_AGATTGCTCACAAACC,l8,lanes_5-8,rep4-tx,1782,10,singlet,rep4-tx,IFNg,CAV1
l8_AGCAGCCAGCTCCTCT,l8,lanes_5-8,rep4-tx,282,6,singlet,rep4-tx,IFNg,MARCH8
l8_AGCCTAACACTCAGGC,l8,lanes_5-8,rep4-tx,373,10,singlet,rep4-tx,IFNg,JAK2
l8_AGCCTAAGTAGTGAAT,l8,lanes_5-8,rep3-tx,147,12,singlet,rep3-tx,IFNg,NFKBIA
l8_AGCGGTCAGTTGTCGT,l8,lanes_5-8,rep3-tx,70,12,singlet,rep3-tx,IFNg,CAV1
l8_AGCGTCGCAACGATGG,l8,lanes_5-8,rep3-tx,17,5,singlet,rep3-tx,IFNg,ATF2
l8_AGCTCTCAGACCGGAT,l8,lanes_5-8,rep4-tx,241,11,singlet,rep4-tx,IFNg,CAV1
l8_AGGCCGTTCCAGAGGA,l8,lanes_5-8,rep4-tx,169,3,singlet,rep4-tx,IFNg,IFNGR2
l8_AGGCCGTTCCAGTAGT,l8,lanes_5-8,rep4-tx,75,1,singlet,rep4-tx,IFNg,TNFRSF14
l8_AGGTCATTCAGGCGAA,l8,lanes_5-8,rep4-tx,368,9,singlet,rep4-tx,IFNg,PDCD1LG2
l8_AGGTCCGTCAAGATCC,l8,lanes_5-8,rep3-tx,123,15,singlet,rep3-tx,IFNg,ETV7
l8_AGTCTTTTCTTTACGT,l8,lanes_5-8,rep3-tx,153,14,singlet,rep3-tx,IFNg,ATF2
l8_AGTGGGACATGTTCCC,l8,lanes_5-8,rep4-tx,257,13,singlet,rep4-tx,IFNg,TNFRSF14
l8_AGTGTCACACTTGGAT,l8,lanes_5-8,rep4-tx,193,6,singlet,rep4-tx,IFNg,MARCH8
l8_ATAACGCAGCTGTTCA,l8,lanes_5-8,rep3-tx,68,11,singlet,rep3-tx,IFNg,CAV1
l8_ATCACGAAGCACCGTC,l8,lanes_5-8,rep4-tx,231,13,singlet,rep4-tx,IFNg,IFNGR1
l8_ATCACGAGTAGCTCCG,l8,lanes_5-8,rep3-tx,275,20,singlet,rep3-tx,IFNg,BRD4
l8_ATCATGGAGCCCAATT,l8,lanes_5-8,rep3-tx,100,13,singlet,rep3-tx,IFNg,UBE2L6
l8_ATCATGGCACTGTTAG,l8,lanes_5-8,rep4-tx,55,5,singlet,rep4-tx,IFNg,ETV7
l8_ATCATGGTCTGCCAGG,l8,lanes_5-8,rep3-tx,46,11,singlet,rep3-tx,IFNg,IRF1
l8_ATCCGAAAGGGTATCG,l8,lanes_5-8,rep3-tx,787,12,singlet,rep3-tx,IFNg,ATF2
l8_ATCTGCCCAGTGAGTG,l8,lanes_5-8,rep3-tx,164,16,singlet,rep3-tx,IFNg,IFNGR1
l8_ATCTGCCCATTAGCCA,l8,lanes_5-8,rep3-tx,144,17,singlet,rep3-tx,IFNg,STAT5A
l8_ATCTGCCTCCACGTGG,l8,lanes_5-8,rep3-tx,60,13,singlet,rep3-tx,IFNg,ATF2
l8_ATCTGCCTCTTATCTG,l8,lanes_5-8,rep3-tx,105,19,singlet,rep3-tx,IFNg,NFKBIA
l8_ATGCGATGTCTCCCTA,l8,lanes_5-8,rep3-tx,127,9,singlet,rep3-tx,IFNg,MYC
l8_ATGCGATTCGCTGATA,l8,lanes_5-8,rep3-tx,87,12,singlet,rep3-tx,IFNg,NT
l8_ATGCGATTCTTCAACT,l8,lanes_5-8,rep4-tx,194,4,singlet,rep4-tx,IFNg,NT
l8_ATGGGAGCAGGCGATA,l8,lanes_5-8,rep3-tx,147,21,singlet,rep3-tx,IFNg,STAT2
l8_ATGGGAGTCTGCCAGG,l8,lanes_5-8,rep3-tx,61,17,singlet,rep3-tx,IFNg,CD86
l8_ATTACTCCAATGGAAT,l8,lanes_5-8,rep3-tx,228,13,singlet,rep3-tx,IFNg,NT
l8_ATTATCCAGGGTTCCC,l8,lanes_5-8,rep4-tx,225,9,singlet,rep4-tx,IFNg,IRF7
l8_ATTATCCGTTAGTGGG,l8,lanes_5-8,rep3-tx,47,13,singlet,rep3-tx,IFNg,SMAD4
l8_ATTGGTGGTACCAGTT,l8,lanes_5-8,rep4-tx,97,8,singlet,rep4-tx,IFNg,JAK2
l8_ATTTCTGTCTACGAGT,l8,lanes_5-8,rep3-tx,61,11,singlet,rep3-tx,IFNg,UBE2L6
l8_CAACCTCAGCGTAATA,l8,lanes_5-8,rep4-tx,161,11,singlet,rep4-tx,IFNg,JAK2
l8_CAACCTCAGGACACCA,l8,lanes_5-8,rep3-tx,158,12,singlet,rep3-tx,IFNg,JAK2
l8_CAAGAAAAGGGTGTTG,l8,lanes_5-8,rep3-tx,85,15,singlet,rep3-tx,IFNg,IFNGR2
l8_CAAGATCTCAAGAAGT,l8,lanes_5-8,rep3-tx,164,16,singlet,rep3-tx,IFNg,ambiguous
l8_CAAGGCCAGCTAACAA,l8,lanes_5-8,rep3-tx,175,14,singlet,rep3-tx,IFNg,PDCD1LG2
l8_CACAAACGTACCGTTA,l8,lanes_5-8,rep4-tx,215,8,singlet,rep4-tx,IFNg,CAV1
l8_CACACCTCAGTGGAGT,l8,lanes_5-8,rep4-tx,419,7,singlet,rep4-tx,IFNg,MARCH8
l8_CACACTCGTGTAATGA,l8,lanes_5-8,rep3-tx,70,20,singlet,rep3-tx,IFNg,MARCH8
l8_CACACTCTCGCAAACT,l8,lanes_5-8,rep3-tx,317,13,singlet,rep3-tx,IFNg,NT
l8_CACATAGGTACCCAAT,l8,lanes_5-8,rep4-tx,76,14,singlet,rep4-tx,IFNg,ambiguous
l8_CACATTTCACTGTGTA,l8,lanes_5-8,rep3-tx,94,18,singlet,rep3-tx,IFNg,IRF1
l8_CACATTTTCAAACCAC,l8,lanes_5-8,rep3-tx,414,15,singlet,rep3-tx,IFNg,PDCD1LG2
l8_CACATTTTCTTCATGT,l8,lanes_5-8,rep4-tx,211,10,singlet,rep4-tx,IFNg,SPI1
l8_CACCTTGTCTCAAGTG,l8,lanes_5-8,rep3-tx,88,7,singlet,rep3-tx,IFNg,UBE2L6
l8_CAGAGAGTCTTCAACT,l8,lanes_5-8,rep4-tx,290,9,singlet,rep4-tx,IFNg,CD86
l8_CAGCCGATCCTGCAGG,l8,lanes_5-8,rep4-tx,572,5,singlet,rep4-tx,IFNg,STAT2
l8_CAGCTAAGTGCTAGCC,l8,lanes_5-8,rep3-tx,173,18,singlet,rep3-tx,IFNg,PDCD1LG2
l8_CAGGTGCAGGTGTGGT,l8,lanes_5-8,rep4-tx,51,13,singlet,rep4-tx,IFNg,CD86
l8_CAGGTGCTCTCACATT,l8,lanes_5-8,rep4-tx,692,5,singlet,rep4-tx,IFNg,CAV1
l8_CAGTCCTAGTCGTACT,l8,lanes_5-8,rep3-tx,135,11,singlet,rep3-tx,IFNg,JAK2
l8_CAGTCCTTCTCTGTCG,l8,lanes_5-8,rep4-tx,351,10,singlet,rep4-tx,IFNg,STAT1
l8_CATCAGACACTACAGT,l8,lanes_5-8,rep3-tx,126,17,singlet,rep3-tx,IFNg,CD86
l8_CATCAGACAGCGTTCG,l8,lanes_5-8,rep4-tx,255,9,singlet,rep4-tx,IFNg,CMTM6
l8_CATCAGATCGTGGACC,l8,lanes_5-8,rep4-tx,182,8,singlet,rep4-tx,IFNg,IFNGR1
l8_CATCCACCATACCATG,l8,lanes_5-8,rep3-tx,166,7,singlet,rep3-tx,IFNg,ATF2
l8_CATCGGGGTCATCCCT,l8,lanes_5-8,rep4-tx,709,11,singlet,rep4-tx,IFNg,UBE2L6
l8_CATGCCTAGACAGACC,l8,lanes_5-8,rep3-tx,59,13,singlet,rep3-tx,IFNg,POU2F2
l8_CATTCGCAGCTGAACG,l8,lanes_5-8,rep4-tx,126,10,singlet,rep4-tx,IFNg,CD86
l8_CCACCTATCCGAAGAG,l8,lanes_5-8,rep3-tx,136,14,singlet,rep3-tx,IFNg,STAT3
l8_CCACGGAAGTATTGGA,l8,lanes_5-8,rep4-tx,163,7,singlet,rep4-tx,IFNg,ambiguous
l8_CCACTACAGTGTTGAA,l8,lanes_5-8,rep3-tx,103,13,singlet,rep3-tx,IFNg,STAT5A
l8_CCAGCGAGTCACTGGC,l8,lanes_5-8,rep3-tx,193,19,singlet,rep3-tx,IFNg,CD86
l8_CCCAATCCACAAGACG,l8,lanes_5-8,rep3-tx,86,11,singlet,rep3-tx,IFNg,IRF1
l8_CCCAATCGTTTGGCGC,l8,lanes_5-8,rep3-tx,68,20,singlet,rep3-tx,IFNg,NT
l8_CCCTCCTAGAATAGGG,l8,lanes_5-8,rep3-tx,127,7,singlet,rep3-tx,IFNg,NT
l8_CCGGGATAGAACAATC,l8,lanes_5-8,rep3-tx,108,11,singlet,rep3-tx,IFNg,ETV7
l8_CCGGTAGTCTGCAGTA,l8,lanes_5-8,rep3-tx,50,12,singlet,rep3-tx,IFNg,STAT3
l8_CCTACACCAGGAATCG,l8,lanes_5-8,rep4-tx,309,14,singlet,rep4-tx,IFNg,ETV7
l8_CCTACCACAGCCTATA,l8,lanes_5-8,rep3-tx,84,10,singlet,rep3-tx,IFNg,STAT5A
l8_CCTAGCTAGAATTCCC,l8,lanes_5-8,rep3-tx,179,20,singlet,rep3-tx,IFNg,IFNGR1
l8_CCTAGCTAGGTGCTTT,l8,lanes_5-8,rep3-tx,75,10,singlet,rep3-tx,IFNg,BRD4
l8_CCTAGCTTCAAGGCTT,l8,lanes_5-8,rep3-tx,185,12,singlet,rep3-tx,IFNg,CD86
l8_CCTAGCTTCTTCAACT,l8,lanes_5-8,rep4-tx,250,14,singlet,rep4-tx,IFNg,CMTM6
l8_CCTCTGAGTACATCCA,l8,lanes_5-8,rep4-tx,396,11,singlet,rep4-tx,IFNg,IFNGR1
l8_CCTCTGATCGTATCAG,l8,lanes_5-8,rep4-tx,177,10,singlet,rep4-tx,IFNg,IFNGR2
l8_CCTTACGTCATGTCCC,l8,lanes_5-8,rep3-tx,81,15,singlet,rep3-tx,IFNg,MARCH8
l8_CCTTCCCAGAGGACGG,l8,lanes_5-8,rep3-tx,97,11,singlet,rep3-tx,IFNg,STAT2
l8_CGAACATCACCAACCG,l8,lanes_5-8,rep4-tx,179,11,singlet,rep4-tx,IFNg,JAK2
l8_CGAATGTTCACCACCT,l8,lanes_5-8,rep3-tx,62,13,singlet,rep3-tx,IFNg,IFNGR2
l8_CGACTTCAGCTAGTGG,l8,lanes_5-8,rep3-tx,168,14,singlet,rep3-tx,IFNg,SMAD4
l8_CGACTTCAGTCACGCC,l8,lanes_5-8,rep3-tx,60,15,singlet,rep3-tx,IFNg,ambiguous
l8_CGACTTCTCTCGGACG,l8,lanes_5-8,rep3-tx,68,15,singlet,rep3-tx,IFNg,NT
l8_CGAGCCAAGGTGTGGT,l8,lanes_5-8,rep3-tx,432,9,singlet,rep3-tx,IFNg,MYC
l8_CGATCGGGTAAATACG,l8,lanes_5-8,rep3-tx,41,5,singlet,rep3-tx,IFNg,ATF2
l8_CGCCAAGTCGGCGCAT,l8,lanes_5-8,rep3-tx,148,18,singlet,rep3-tx,IFNg,MARCH8
l8_CGCTGGACACGCTTTC,l8,lanes_5-8,rep3-tx,230,9,singlet,rep3-tx,IFNg,STAT2
l8_CGCTGGAGTAGGGACT,l8,lanes_5-8,rep3-tx,85,19,singlet,rep3-tx,IFNg,IFNGR1
l8_CGGACGTAGTCTCAAC,l8,lanes_5-8,rep3-tx,73,19,singlet,rep3-tx,IFNg,STAT1
l8_CGGACGTCATCGGAAG,l8,lanes_5-8,rep4-tx,277,12,singlet,rep4-tx,IFNg,TNFRSF14
l8_CGGACTGTCACCTTAT,l8,lanes_5-8,rep3-tx,54,8,singlet,rep3-tx,IFNg,PDCD1LG2
l8_CGGAGCTGTTATGTGC,l8,lanes_5-8,rep3-tx,137,12,singlet,rep3-tx,IFNg,UBE2L6
l8_CGGCTAGAGGCACATG,l8,lanes_5-8,rep4-tx,162,8,singlet,rep4-tx,IFNg,IFNGR2
l8_CGGCTAGAGTGGAGTC,l8,lanes_5-8,rep4-tx,440,9,singlet,rep4-tx,IFNg,ambiguous
l8_CGGCTAGTCTGGTTCC,l8,lanes_5-8,rep3-tx,60,13,singlet,rep3-tx,IFNg,CAV1
l8_CGGGTCAGTCATATCG,l8,lanes_5-8,rep3-tx,56,14,singlet,rep3-tx,IFNg,JAK2
l8_CGTAGCGAGCGTAATA,l8,lanes_5-8,rep4-tx,181,12,singlet,rep4-tx,IFNg,SPI1
l8_CGTAGCGTCCTTGGTC,l8,lanes_5-8,rep4-tx,123,7,singlet,rep4-tx,IFNg,IRF1
l8_CGTAGCGTCGACCAGC,l8,lanes_5-8,rep4-tx,36,1,singlet,rep4-tx,IFNg,POU2F2
l8_CGTCACTCAAGAAAGG,l8,lanes_5-8,rep4-tx,246,13,singlet,rep4-tx,IFNg,NT
l8_CGTCACTGTCAAGCGA,l8,lanes_5-8,rep4-tx,102,8,singlet,rep4-tx,IFNg,IRF7
l8_CGTCAGGGTAAATGTG,l8,lanes_5-8,rep4-tx,195,7,singlet,rep4-tx,IFNg,MARCH8
l8_CGTTCTGAGGACTGGT,l8,lanes_5-8,rep4-tx,112,6,singlet,rep4-tx,IFNg,TNFRSF14
l8_CGTTCTGGTCGACTGC,l8,lanes_5-8,rep3-tx,246,18,singlet,rep3-tx,IFNg,PDCD1LG2
l8_CTAAGACCAAGGGTCA,l8,lanes_5-8,rep4-tx,244,7,singlet,rep4-tx,IFNg,NT
l8_CTAGAGTAGAATGTGT,l8,lanes_5-8,rep3-tx,203,15,singlet,rep3-tx,IFNg,CD86
l8_CTAGAGTAGGCTATCT,l8,lanes_5-8,rep3-tx,70,16,singlet,rep3-tx,IFNg,CAV1
l8_CTAGTGAGTCGAGTTT,l8,lanes_5-8,rep4-tx,112,11,singlet,rep4-tx,IFNg,IFNGR1
l8_CTAGTGATCCTTTCGG,l8,lanes_5-8,rep4-tx,59,11,singlet,rep4-tx,IFNg,TNFRSF14
l8_CTCAGAATCCGTACAA,l8,lanes_5-8,rep3-tx,196,19,singlet,rep3-tx,IFNg,PDCD1LG2
l8_CTCGAGGGTCCAAGTT,l8,lanes_5-8,rep4-tx,63,12,singlet,rep4-tx,IFNg,IFNGR1
l8_CTCGGAGAGTGTACGG,l8,lanes_5-8,rep4-tx,175,7,singlet,rep4-tx,IFNg,STAT2
l8_CTCGGGAAGAACTGTA,l8,lanes_5-8,rep4-tx,184,2,singlet,rep4-tx,IFNg,IFNGR1
l8_CTGATAGAGCACACAG,l8,lanes_5-8,rep3-tx,105,4,singlet,rep3-tx,IFNg,TNFRSF14
l8_CTGATAGTCTTCTGGC,l8,lanes_5-8,rep4-tx,359,8,singlet,rep4-tx,IFNg,TNFRSF14
l8_CTGCGGAAGAAGAAGC,l8,lanes_5-8,rep4-tx,291,12,singlet,rep4-tx,IFNg,IFNGR1
l8_CTGCGGAGTGTGAAAT,l8,lanes_5-8,rep4-tx,102,9,singlet,rep4-tx,IFNg,STAT5A
l8_CTGGTCTGTCAGGACA,l8,lanes_5-8,rep4-tx,131,9,singlet,rep4-tx,IFNg,IFNGR2
l8_CTGGTCTGTGTTTGGT,l8,lanes_5-8,rep3-tx,68,20,singlet,rep3-tx,IFNg,IRF7
l8_CTTAACTCAAACCTAC,l8,lanes_5-8,rep3-tx,131,21,singlet,rep3-tx,IFNg,SMAD4
l8_CTTACCGAGGACCACA,l8,lanes_5-8,rep4-tx,183,9,singlet,rep4-tx,IFNg,NT
l8_CTTACCGCATGCATGT,l8,lanes_5-8,rep4-tx,127,10,singlet,rep4-tx,IFNg,CD86
l8_CTTACCGTCCCAAGAT,l8,lanes_5-8,rep4-tx,341,6,singlet,rep4-tx,IFNg,SMAD4
l8_CTTAGGAAGTTGCAGG,l8,lanes_5-8,rep4-tx,184,8,singlet,rep4-tx,IFNg,NT
l8_CTTCTCTCATCATCCC,l8,lanes_5-8,rep3-tx,96,9,singlet,rep3-tx,IFNg,TNFRSF14
l8_CTTGGCTAGTCCTCCT,l8,lanes_5-8,rep3-tx,51,11,singlet,rep3-tx,IFNg,IFNGR2
l8_CTTGGCTCACAAGCCC,l8,lanes_5-8,rep3-tx,108,14,singlet,rep3-tx,IFNg,CAV1
l8_GAAACTCCATCGATGT,l8,lanes_5-8,rep4-tx,94,9,singlet,rep4-tx,IFNg,PDCD1LG2
l8_GAAACTCGTGCGAAAC,l8,lanes_5-8,rep3-tx,353,15,singlet,rep3-tx,IFNg,CAV1
l8_GAAACTCGTTACGACT,l8,lanes_5-8,rep4-tx,150,9,singlet,rep4-tx,IFNg,STAT1
l8_GAAATGAAGTATTGGA,l8,lanes_5-8,rep3-tx,99,12,singlet,rep3-tx,IFNg,NT
l8_GAACCTACACATCCAA,l8,lanes_5-8,rep3-tx,45,14,singlet,rep3-tx,IFNg,NT
l8_GAACGGATCTCTGAGA,l8,lanes_5-8,rep3-tx,114,19,singlet,rep3-tx,IFNg,IFNGR1
l8_GAAGCAGAGAGTGAGA,l8,lanes_5-8,rep3-tx,290,14,singlet,rep3-tx,IFNg,IFNGR1
l8_GAAGCAGTCATCGGAT,l8,lanes_5-8,rep4-tx,116,9,singlet,rep4-tx,IFNg,IFNGR2
l8_GAATGAAAGAAGGCCT,l8,lanes_5-8,rep3-tx,154,11,singlet,rep3-tx,IFNg,NT
l8_GACACGCAGGACATTA,l8,lanes_5-8,rep4-tx,164,8,singlet,rep4-tx,IFNg,IFNGR2
l8_GACAGAGGTGAAGGCT,l8,lanes_5-8,rep4-tx,255,8,singlet,rep4-tx,IFNg,NT
l8_GACGGCTAGGCTACGA,l8,lanes_5-8,rep4-tx,91,3,singlet,rep4-tx,IFNg,NT
l8_GACGGCTCATCGGTTA,l8,lanes_5-8,rep4-tx,100,4,singlet,rep4-tx,IFNg,CAV1
l8_GACGTTACAGACGCAA,l8,lanes_5-8,rep3-tx,131,7,singlet,rep3-tx,IFNg,CAV1
l8_GACTACATCATAACCG,l8,lanes_5-8,rep3-tx,51,10,singlet,rep3-tx,IFNg,POU2F2
l8_GACTGCGCAGGGATTG,l8,lanes_5-8,rep3-tx,161,9,singlet,rep3-tx,IFNg,CMTM6
l8_GAGGTGAAGCCTCGTG,l8,lanes_5-8,rep3-tx,174,6,singlet,rep3-tx,IFNg,BRD4
l8_GATCAGTGTCCTCCAT,l8,lanes_5-8,rep3-tx,85,10,singlet,rep3-tx,IFNg,NT
l8_GATCGATGTGACGCCT,l8,lanes_5-8,rep4-tx,232,5,singlet,rep4-tx,IFNg,ambiguous
l8_GATCTAGTCCAACCAA,l8,lanes_5-8,rep4-tx,226,12,singlet,rep4-tx,IFNg,IRF1
l8_GATGAAAGTTGGACCC,l8,lanes_5-8,rep4-tx,122,7,singlet,rep4-tx,IFNg,STAT2
l8_GATGAGGGTAGGGACT,l8,lanes_5-8,rep3-tx,119,17,singlet,rep3-tx,IFNg,TNFRSF14
l8_GATGAGGTCCTCTAGC,l8,lanes_5-8,rep3-tx,162,8,singlet,rep3-tx,IFNg,ATF2
l8_GATGCTATCCAAGTAC,l8,lanes_5-8,rep3-tx,68,17,singlet,rep3-tx,IFNg,IFNGR2
l8_GATTCAGTCGAGAACG,l8,lanes_5-8,rep3-tx,88,12,singlet,rep3-tx,IFNg,IFNGR2
l8_GCACATAGTCCTGCTT,l8,lanes_5-8,rep3-tx,390,15,singlet,rep3-tx,IFNg,POU2F2
l8_GCAGCCAAGGGCTCTC,l8,lanes_5-8,rep4-tx,85,8,singlet,rep4-tx,IFNg,NT
l8_GCAGTTAAGGCCCTTG,l8,lanes_5-8,rep4-tx,69,5,singlet,rep4-tx,IFNg,NT
l8_GCATGATCAACACCCG,l8,lanes_5-8,rep3-tx,71,13,singlet,rep3-tx,IFNg,CMTM6
l8_GCATGATCACGACGAA,l8,lanes_5-8,rep4-tx,378,13,singlet,rep4-tx,IFNg,NT
l8_GCATGTATCAGTTGAC,l8,lanes_5-8,rep4-tx,140,6,singlet,rep4-tx,IFNg,NT
l8_GCCAAATGTAAGGGAA,l8,lanes_5-8,rep3-tx,161,14,singlet,rep3-tx,IFNg,ATF2
l8_GCCAAATGTTCTGGTA,l8,lanes_5-8,rep3-tx,55,13,singlet,rep3-tx,IFNg,ATF2
l8_GCGACCAAGCAGGTCA,l8,lanes_5-8,rep3-tx,63,18,singlet,rep3-tx,IFNg,ETV7
l8_GCGCAACAGACGCAAC,l8,lanes_5-8,rep4-tx,247,8,singlet,rep4-tx,IFNg,STAT1
l8_GCGCAACTCTGAGTGT,l8,lanes_5-8,rep3-tx,96,18,singlet,rep3-tx,IFNg,IRF1
l8_GCGCAGTAGATGTCGG,l8,lanes_5-8,rep4-tx,134,11,singlet,rep4-tx,IFNg,MARCH8
l8_GCGCGATGTAACGTTC,l8,lanes_5-8,rep3-tx,78,10,singlet,rep3-tx,IFNg,ETV7
l8_GCTCCTAGTCAAAGAT,l8,lanes_5-8,rep3-tx,254,6,singlet,rep3-tx,IFNg,NT
l8_GCTCTGTGTAGAAAGG,l8,lanes_5-8,rep3-tx,182,12,singlet,rep3-tx,IFNg,ambiguous
l8_GCTGCGACACAAGTAA,l8,lanes_5-8,rep4-tx,181,9,singlet,rep4-tx,IFNg,CD86
l8_GCTGCTTCAGCGAACA,l8,lanes_5-8,rep4-tx,156,12,singlet,rep4-tx,IFNg,MARCH8
l8_GCTGGGTTCAGCTCTC,l8,lanes_5-8,rep4-tx,387,11,singlet,rep4-tx,IFNg,STAT3
l8_GGAACTTAGTGTGGCA,l8,lanes_5-8,rep3-tx,224,20,singlet,rep3-tx,IFNg,IRF1
l8_GGAATAATCAACTCTT,l8,lanes_5-8,rep4-tx,313,6,singlet,rep4-tx,IFNg,CD86
l8_GGACATTAGGCTAGCA,l8,lanes_5-8,rep4-tx,733,7,singlet,rep4-tx,IFNg,JAK2
l8_GGACGTCTCGCGCCAA,l8,lanes_5-8,rep3-tx,75,17,singlet,rep3-tx,IFNg,PDCD1LG2
l8_GGAGCAACACCGAATT,l8,lanes_5-8,rep4-tx,278,6,singlet,rep4-tx,IFNg,JAK2
l8_GGCAATTGTCGTTGTA,l8,lanes_5-8,rep4-tx,142,11,singlet,rep4-tx,IFNg,IRF1
l8_GGCAATTTCGCCAGCA,l8,lanes_5-8,rep4-tx,352,5,singlet,rep4-tx,IFNg,STAT2
l8_GGCCGATCACATCCAA,l8,lanes_5-8,rep4-tx,287,13,singlet,rep4-tx,IFNg,NT
l8_GGCGACTGTAATCGTC,l8,lanes_5-8,rep3-tx,150,13,singlet,rep3-tx,IFNg,IRF1
l8_GGCTCGAGTTATCCGA,l8,lanes_5-8,rep4-tx,282,14,singlet,rep4-tx,IFNg,NFKBIA
l8_GGCTGGTAGTGAACAT,l8,lanes_5-8,rep3-tx,82,11,singlet,rep3-tx,IFNg,IFNGR2
l8_GGGAGATCAGTCACTA,l8,lanes_5-8,rep4-tx,206,4,singlet,rep4-tx,IFNg,ETV7
l8_GGGAGATTCAGAGACG,l8,lanes_5-8,rep3-tx,142,11,singlet,rep3-tx,IFNg,TNFRSF14
l8_GGGCATCAGTGACTCT,l8,lanes_5-8,rep4-tx,194,6,singlet,rep4-tx,IFNg,BRD4
l8_GGGTCTGCAAGCGCTC,l8,lanes_5-8,rep4-tx,123,9,singlet,rep4-tx,IFNg,IFNGR2
l8_GGGTCTGGTAAGCACG,l8,lanes_5-8,rep4-tx,355,9,singlet,rep4-tx,IFNg,BRD4
l8_GGTGAAGCAGTAAGCG,l8,lanes_5-8,rep3-tx,99,17,singlet,rep3-tx,IFNg,CAV1
l8_GTAACGTAGGCCCGTT,l8,lanes_5-8,rep4-tx,143,4,singlet,rep4-tx,IFNg,IFNGR1
l8_GTAACTGAGAAGATTC,l8,lanes_5-8,rep3-tx,117,12,singlet,rep3-tx,IFNg,NT
l8_GTACTTTGTATTACCG,l8,lanes_5-8,rep4-tx,308,7,singlet,rep4-tx,IFNg,CD86
l8_GTAGGCCGTGTCTGAT,l8,lanes_5-8,rep4-tx,193,10,singlet,rep4-tx,IFNg,NT
l8_GTAGTCATCCTGCTTG,l8,lanes_5-8,rep4-tx,133,9,singlet,rep4-tx,IFNg,NT
l8_GTATCTTGTTCAACCA,l8,lanes_5-8,rep4-tx,267,14,singlet,rep4-tx,IFNg,JAK2
l8_GTATCTTGTTTACTCT,l8,lanes_5-8,rep3-tx,206,14,singlet,rep3-tx,IFNg,PDCD1LG2
l8_GTATCTTTCCAATGGT,l8,lanes_5-8,rep4-tx,174,8,singlet,rep4-tx,IFNg,NT
l8_GTATTCTCACGAAAGC,l8,lanes_5-8,rep4-tx,266,9,singlet,rep4-tx,IFNg,NT
l8_GTCACGGCACATTTCT,l8,lanes_5-8,rep3-tx,128,10,singlet,rep3-tx,IFNg,STAT2
l8_GTCACGGGTACCATCA,l8,lanes_5-8,rep4-tx,113,5,singlet,rep4-tx,IFNg,ATF2
l8_GTCACGGGTACCGCTG,l8,lanes_5-8,rep3-tx,99,15,singlet,rep3-tx,IFNg,SMAD4
l8_GTCACGGGTCGATTGT,l8,lanes_5-8,rep3-tx,212,7,singlet,rep3-tx,IFNg,NT
l8_GTCATTTTCACATGCA,l8,lanes_5-8,rep3-tx,83,20,singlet,rep3-tx,IFNg,NT
l8_GTCCTCACAAGAGGCT,l8,lanes_5-8,rep4-tx,86,6,singlet,rep4-tx,IFNg,IFNGR2
l8_GTCTTCGAGTTTCCTT,l8,lanes_5-8,rep3-tx,273,21,singlet,rep3-tx,IFNg,CD86
l8_GTGAAGGCAAGGTGTG,l8,lanes_5-8,rep3-tx,98,14,singlet,rep3-tx,IFNg,PDCD1LG2
l8_GTGCAGCAGTGTACTC,l8,lanes_5-8,rep3-tx,248,15,singlet,rep3-tx,IFNg,STAT3
l8_GTGCATACAACGATCT,l8,lanes_5-8,rep4-tx,768,3,singlet,rep4-tx,IFNg,CAV1
l8_GTGCATATCCTGCAGG,l8,lanes_5-8,rep3-tx,78,12,singlet,rep3-tx,IFNg,STAT5A
l8_GTTAAGCCATCTACGA,l8,lanes_5-8,rep4-tx,135,13,singlet,rep4-tx,IFNg,NFKBIA
l8_GTTAAGCTCCGCGTTT,l8,lanes_5-8,rep4-tx,491,3,singlet,rep4-tx,IFNg,NT
l8_GTTACAGTCAGTCAGT,l8,lanes_5-8,rep3-tx,156,12,singlet,rep3-tx,IFNg,IRF7
l8_GTTCATTGTAGCGCAA,l8,lanes_5-8,rep3-tx,132,9,singlet,rep3-tx,IFNg,IRF1
l8_GTTCTCGCATACCATG,l8,lanes_5-8,rep4-tx,778,7,singlet,rep4-tx,IFNg,NFKBIA
l8_GTTCTCGGTACCCAAT,l8,lanes_5-8,rep4-tx,64,5,singlet,rep4-tx,IFNg,STAT2
l8_GTTCTCGGTCCTGCTT,l8,lanes_5-8,rep4-tx,64,6,singlet,rep4-tx,IFNg,IRF1
l8_TAAACCGTCATTCACT,l8,lanes_5-8,rep4-tx,67,10,singlet,rep4-tx,IFNg,JAK2
l8_TAAGTGCAGGAGTACC,l8,lanes_5-8,rep3-tx,186,10,singlet,rep3-tx,IFNg,TNFRSF14
l8_TAAGTGCCAAAGGTGC,l8,lanes_5-8,rep4-tx,391,10,singlet,rep4-tx,IFNg,UBE2L6
l8_TACCTATCAGTCACTA,l8,lanes_5-8,rep4-tx,96,11,singlet,rep4-tx,IFNg,CD86
l8_TACCTATGTATTCTCT,l8,lanes_5-8,rep3-tx,60,16,singlet,rep3-tx,IFNg,MARCH8
l8_TACGGATTCATTCACT,l8,lanes_5-8,rep3-tx,238,16,singlet,rep3-tx,IFNg,STAT2
l8_TACGGTATCCCGACTT,l8,lanes_5-8,rep4-tx,147,8,singlet,rep4-tx,IFNg,STAT2
l8_TACTCGCAGACTAAGT,l8,lanes_5-8,rep4-tx,294,13,singlet,rep4-tx,IFNg,IFNGR2
l8_TACTCGCGTCAGGACA,l8,lanes_5-8,rep3-tx,63,5,singlet,rep3-tx,IFNg,STAT3
l8_TAGTGGTTCTCGAGTA,l8,lanes_5-8,rep4-tx,150,11,singlet,rep4-tx,IFNg,ATF2
l8_TATGCCCAGGGATACC,l8,lanes_5-8,rep3-tx,285,13,singlet,rep3-tx,IFNg,SMAD4
l8_TCAACGAAGCCGTCGT,l8,lanes_5-8,rep3-tx,112,7,singlet,rep3-tx,IFNg,IFNGR1
l8_TCAACGACACATCCGG,l8,lanes_5-8,rep3-tx,97,19,singlet,rep3-tx,IFNg,IRF7
l8_TCAATCTCACAAGTAA,l8,lanes_5-8,rep3-tx,79,14,singlet,rep3-tx,IFNg,CAV1
l8_TCACAAGAGTACGATA,l8,lanes_5-8,rep4-tx,343,14,singlet,rep4-tx,IFNg,NFKBIA
l8_TCACAAGTCCGAAGAG,l8,lanes_5-8,rep3-tx,220,19,singlet,rep3-tx,IFNg,CMTM6
l8_TCACGAAAGTCAATAG,l8,lanes_5-8,rep3-tx,141,4,singlet,rep3-tx,IFNg,MARCH8
l8_TCACGAAAGTTTGCGT,l8,lanes_5-8,rep3-tx,88,16,singlet,rep3-tx,IFNg,STAT5A
l8_TCACGAAGTGGGTATG,l8,lanes_5-8,rep3-tx,257,14,singlet,rep3-tx,IFNg,MYC
l8_TCAGATGAGGCTAGCA,l8,lanes_5-8,rep4-tx,238,9,singlet,rep4-tx,IFNg,ETV7
l8_TCAGATGCACGGCGTT,l8,lanes_5-8,rep3-tx,265,16,singlet,rep3-tx,IFNg,IFNGR2
l8_TCAGCAAAGCTTATCG,l8,lanes_5-8,rep4-tx,299,14,singlet,rep4-tx,IFNg,SMAD4
l8_TCAGGATGTCTTCGTC,l8,lanes_5-8,rep3-tx,60,7,singlet,rep3-tx,IFNg,ATF2
l8_TCATTACAGTGTTTGC,l8,lanes_5-8,rep4-tx,57,4,singlet,rep4-tx,IFNg,IFNGR1
l8_TCATTACTCAAAGACA,l8,lanes_5-8,rep3-tx,367,12,singlet,rep3-tx,IFNg,CD86
l8_TCCACACAGGGTGTTG,l8,lanes_5-8,rep3-tx,82,13,singlet,rep3-tx,IFNg,JAK2
l8_TCGAGGCAGCTACCTA,l8,lanes_5-8,rep3-tx,68,4,singlet,rep3-tx,IFNg,POU2F2
l8_TCGCGAGGTGCAACGA,l8,lanes_5-8,rep4-tx,83,4,singlet,rep4-tx,IFNg,PDCD1LG2
l8_TCGCGAGTCACCATAG,l8,lanes_5-8,rep3-tx,668,7,singlet,rep3-tx,IFNg,MYC
l8_TCGTACCAGCTCCTCT,l8,lanes_5-8,rep4-tx,138,6,singlet,rep4-tx,IFNg,IFNGR2
l8_TCTCATAGTCTCATCC,l8,lanes_5-8,rep4-tx,176,6,singlet,rep4-tx,IFNg,SPI1
l8_TCTGGAACAGCAGTTT,l8,lanes_5-8,rep4-tx,295,14,singlet,rep4-tx,IFNg,CAV1
l8_TCTTTCCTCACCGTAA,l8,lanes_5-8,rep3-tx,61,9,singlet,rep3-tx,IFNg,JAK2
l8_TGACAACCAAATTGCC,l8,lanes_5-8,rep3-tx,40,11,singlet,rep3-tx,IFNg,NFKBIA
l8_TGACAACTCGCCCTTA,l8,lanes_5-8,rep4-tx,368,9,singlet,rep4-tx,IFNg,ATF2
l8_TGACGGCGTCATATGC,l8,lanes_5-8,rep4-tx,176,5,singlet,rep4-tx,IFNg,IFNGR2
l8_TGACTTTAGGCCATAG,l8,lanes_5-8,rep3-tx,60,12,singlet,rep3-tx,IFNg,UBE2L6
l8_TGAGAGGAGATCCGAG,l8,lanes_5-8,rep3-tx,165,9,singlet,rep3-tx,IFNg,MARCH8
l8_TGAGCCGAGAAGGCCT,l8,lanes_5-8,rep4-tx,226,12,singlet,rep4-tx,IFNg,IRF1
l8_TGAGGGAAGAGACTTA,l8,lanes_5-8,rep4-tx,82,6,singlet,rep4-tx,IFNg,CMTM6
l8_TGCCAAAGTATTAGCC,l8,lanes_5-8,rep4-tx,187,13,singlet,rep4-tx,IFNg,NT
l8_TGCCCATCAGTCCTTC,l8,lanes_5-8,rep4-tx,81,5,singlet,rep4-tx,IFNg,JAK2
l8_TGCCCTAAGTACGCCC,l8,lanes_5-8,rep4-tx,537,7,singlet,rep4-tx,IFNg,IFNGR2
l8_TGCGGGTGTGTCTGAT,l8,lanes_5-8,rep4-tx,58,9,singlet,rep4-tx,IFNg,PDCD1LG2
l8_TGCGTGGCAATCCAAC,l8,lanes_5-8,rep3-tx,146,12,singlet,rep3-tx,IFNg,CD86
l8_TGCGTGGGTAGCTCCG,l8,lanes_5-8,rep3-tx,60,15,singlet,rep3-tx,IFNg,CD86
l8_TGCGTGGGTTAAGGGC,l8,lanes_5-8,rep3-tx,89,7,singlet,rep3-tx,IFNg,TNFRSF14
l8_TGGGCGTAGATCTGAA,l8,lanes_5-8,rep4-tx,68,4,singlet,rep4-tx,IFNg,STAT1
l8_TGGTTAGTCCTGCTTG,l8,lanes_5-8,rep3-tx,121,11,singlet,rep3-tx,IFNg,PDCD1LG2
l8_TGGTTCCCATCGGGTC,l8,lanes_5-8,rep4-tx,63,6,singlet,rep4-tx,IFNg,NT
l8_TGTATTCTCCCTAACC,l8,lanes_5-8,rep4-tx,65,3,singlet,rep4-tx,IFNg,IFNGR2
l8_TGTATTCTCGTTGACA,l8,lanes_5-8,rep3-tx,68,12,singlet,rep3-tx,IFNg,ambiguous
l8_TGTTCCGAGTACGCGA,l8,lanes_5-8,rep4-tx,140,4,singlet,rep4-tx,IFNg,IRF1
l8_TTCGAAGCACTACAGT,l8,lanes_5-8,rep4-tx,224,9,singlet,rep4-tx,IFNg,IFNGR1
l8_TTCTCAATCACCTTAT,l8,lanes_5-8,rep3-tx,158,22,singlet,rep3-tx,IFNg,ETV7
l8_TTCTCCTCAAGAAAGG,l8,lanes_5-8,rep4-tx,452,14,singlet,rep4-tx,IFNg,ATF2
l8_TTGAACGAGCTAACAA,l8,lanes_5-8,rep3-tx,216,15,singlet,rep3-tx,IFNg,STAT3
l8_TTGCCGTTCCTGTAGA,l8,lanes_5-8,rep4-tx,89,10,singlet,rep4-tx,IFNg,IFNGR1
l8_TTGCGTCAGTAATCCC,l8,lanes_5-8,rep3-tx,89,18,singlet,rep3-tx,IFNg,ETV7
l8_TTGGAACGTTACCGAT,l8,lanes_5-8,rep3-tx,90,14,singlet,rep3-tx,IFNg,ETV7
l8_TTGGCAAGTAGAGTGC,l8,lanes_5-8,rep3-tx,91,13,singlet,rep3-tx,IFNg,IFNGR1
l8_TTTACTGAGGTGATAT,l8,lanes_5-8,rep4-tx,77,11,singlet,rep4-tx,IFNg,MARCH8
l8_TTTATGCAGTGAATTG,l8,lanes_5-8,rep3-tx,87,9,singlet,rep3-tx,IFNg,STAT5A
l8_TTTATGCTCACGAAGG,l8,lanes_5-8,rep3-tx,60,15,singlet,rep3-tx,IFNg,JAK2
l8_TTTGGTTTCCGCATAA,l8,lanes_5-8,rep3-tx,86,13,singlet,rep3-tx,IFNg,SPI1
l8_TTTGTCAAGACTTGAA,l8,lanes_5-8,rep3-tx,240,10,singlet,rep3-tx,IFNg,ETV7
